PROJECTNAME,TRIP_CODE,STATION,LONGITUDE,LATITUDE,SAMPLEDATELOCAL,BIOMASS_MGM3,SAMPLETYPE
NRS,DAR20180731_0030,Darwin,130.76805,-12.4,2018-07-31 10:00:00,196.47782,PZ
NRS,DAR20190213_2130,Darwin,130.76805,-12.4,2019-02-14 07:00:00,14.45175,PZ
NRS,DAR20200204_0030,Darwin,130.76805,-12.4,2020-02-04 10:00:00,74.89921,PZ
NRS,DAR20200204_0330,Darwin,130.76805,-12.4,2020-02-04 13:00:00,59.0357,PZ
NRS,DAR20121029,Darwin,130.76805,-12.4,2012-10-30 07:51:00,47.87781,PZ
NRS,DAR20200810,Darwin,130.76805,-12.4,2020-08-11 08:25:00,28.66627,PZ
NRS,DAR20120115_0335,Darwin,130.76805,-12.4,2012-01-15 13:05:00,48.41338,PZ
NRS,DAR20160202_0330,Darwin,130.76805,-12.4,2016-02-02 13:00:00,60.30352,PZ
NRS,DAR20170203_0030,Darwin,130.76805,-12.4,2017-02-03 10:00:00,64.59674,PZ
NRS,DAR20140117_2130,Darwin,130.76805,-12.4,2014-01-18 07:00:00,36.83664,Z
NRS,DAR20201123,Darwin,130.76805,-12.4,2020-11-24 07:23:00,28.39158,PZ
NRS,DAR20200511,Darwin,130.76805,-12.4,2020-05-12 08:20:00,205.66809,PZ
NRS,DAR20120729_1930,Darwin,130.76805,-12.4,2012-07-30 05:00:00,49.6622,PZ
NRS,ESP20100629,Esperance,121.85,-33.93333,2010-06-29 10:05:00,7.15122,PZ
NRS,ESP20101013,Esperance,121.85,-33.93333,2010-10-13 08:15:00,4.1257,PZ
NRS,KAI20170518,Kangaroo Island,136.44733,-35.83217,2017-05-18 11:15:00,5.59445,FPZ
NRS,KAI20150629,Kangaroo Island,136.44733,-35.83217,2015-06-30 07:35:00,0.43496,FPZ
NRS,KAI20200527,Kangaroo Island,136.44733,-35.83217,2020-05-28 08:30:00,3.97482,PZ
NRS,MAI20100505,Maria Island,148.23333,-42.59667,2010-05-05 11:30:00,8.77006,PZ
NRS,MAI20100615,Maria Island,148.23333,-42.59667,2010-06-15 11:10:00,2.14389,PZ
NRS,MAI20100722,Maria Island,148.23333,-42.59667,2010-07-22 11:10:00,0.49066,PZ
NRS,MAI20170801,Maria Island,148.23333,-42.59667,2017-08-01 10:01:00,13.34842,PZ
NRS,MAI20180418,Maria Island,148.23333,-42.59667,2018-04-19 09:30:00,21.11889,FPZ
NRS,MAI20180919,Maria Island,148.23333,-42.59667,2018-09-20 09:50:00,12.25923,FPZ
NRS,MAI20190320,Maria Island,148.23333,-42.59667,2019-03-21 09:35:00,15.19202,FPZ
NRS,MAI20190430,Maria Island,148.23333,-42.59667,2019-05-01 09:47:00,24.60334,FPZ
NRS,MAI20200810,Maria Island,148.23333,-42.59667,2020-08-10 10:05:00,4.84239,PZ
NRS,MAI20210215,Maria Island,148.23333,-42.59667,2021-02-16 09:50:00,,PZ
NRS,MAI20160630,Maria Island,148.23333,-42.59667,2016-07-01 09:30:00,0.40078,FPZ
NRS,MAI20141208,Maria Island,148.23333,-42.59667,2014-12-09 10:05:00,4.19053,FPZ
NRS,MAI20151216,Maria Island,148.23333,-42.59667,2015-12-17 09:35:00,2.82905,FPZ
NRS,MAI20090820,Maria Island,148.23333,-42.59667,2009-08-20 11:30:00,1.94055,PZ
NRS,MAI20110407,Maria Island,148.23333,-42.59667,2011-04-07 10:30:00,4.26568,PZ
NRS,MAI20151001,Maria Island,148.23333,-42.59667,2015-10-01 11:05:00,26.87601,PZ
NRS,MAI20191015,Maria Island,148.23333,-42.59667,2019-10-16 09:40:00,32.86418,PZ
NRS,NSI20100214,North Stradbroke,153.562,-27.345,2010-02-15 09:30:00,38.37869,PZ
NRS,NSI20110623,North Stradbroke,153.562,-27.345,2011-06-23 10:25:00,6.53897,PZ
NRS,NSI20111013,North Stradbroke,153.562,-27.345,2011-10-13 10:30:00,10.08815,PZ
NRS,NSI20120213,North Stradbroke,153.562,-27.345,2012-02-14 08:00:00,6.75115,PZ
NRS,NSI20151119,North Stradbroke,153.562,-27.345,2015-11-19 10:24:00,9.38088,FPZ
NRS,NSI20170424,North Stradbroke,153.562,-27.345,2017-04-24 11:00:00,11.30335,FPZ
NRS,NSI20170829,North Stradbroke,153.562,-27.345,2017-08-29 11:50:00,10.22317,FPZ
NRS,NSI20190618,North Stradbroke,153.562,-27.345,2019-06-18 10:00:00,5.00871,FPZ
NRS,NSI20130418,North Stradbroke,153.562,-27.345,2013-04-18 10:05:00,8.72506,PZ
NRS,NSI20090218,North Stradbroke,153.562,-27.345,2009-02-18 10:30:00,16.26063,Z
NRS,NSI20100121,North Stradbroke,153.562,-27.345,2010-01-22 09:50:00,33.64645,PZ
NRS,NSI20180718,North Stradbroke,153.562,-27.345,2018-07-18 10:20:00,16.10632,FPZ
NRS,NSI20150624,North Stradbroke,153.562,-27.345,2015-06-24 10:30:00,8.95009,FPZ
NRS,NSI20151216,North Stradbroke,153.562,-27.345,2015-12-16 10:30:00,14.55034,FPZ
NRS,NSI20170717,North Stradbroke,153.562,-27.345,2017-07-17 11:05:00,9.73451,FPZ
NRS,PH420020219,Port Hacking 4,151.21815,-34.11758,2002-02-19 00:00:00,,Z
NRS,PH420020625,Port Hacking 4,151.21815,-34.11758,2002-06-25 00:00:00,,Z
NRS,PH420020820,Port Hacking 4,151.21815,-34.11758,2002-08-20 00:00:00,,Z
NRS,PH420030423,Port Hacking 4,151.21815,-34.11758,2003-04-23 00:00:00,,Z
NRS,PH420031027,Port Hacking 4,151.21815,-34.11758,2003-10-27 00:00:00,,Z
NRS,PH420040120,Port Hacking 4,151.21815,-34.11758,2004-01-20 00:00:00,,Z
NRS,PH420040725,Port Hacking 4,151.21815,-34.11758,2004-07-25 00:00:00,,Z
NRS,PH420041116,Port Hacking 4,151.21815,-34.11758,2004-11-16 00:00:00,,Z
NRS,PH420050817,Port Hacking 4,151.21815,-34.11758,2005-08-17 00:00:00,,Z
NRS,PH420060724,Port Hacking 4,151.21815,-34.11758,2006-07-24 00:00:00,,Z
NRS,PH420070319,Port Hacking 4,151.21815,-34.11758,2007-03-19 00:00:00,,Z
NRS,PH420070418,Port Hacking 4,151.21815,-34.11758,2007-04-18 00:00:00,,Z
NRS,PH420071026,Port Hacking 4,151.21815,-34.11758,2007-10-26 00:00:00,,Z
NRS,PHB20090318,Port Hacking,151.22667,-34.11923,2009-03-19 09:39:00,17.84779,PZ
NRS,PHB20090819,Port Hacking,151.22667,-34.11923,2009-08-20 09:19:00,9.48086,PZ
NRS,PHB20090924,Port Hacking,151.22667,-34.11923,2009-09-25 08:45:00,32.36438,PZZ
NRS,PHB20091110,Port Hacking,151.22667,-34.11923,2009-11-11 09:45:00,37.99773,PZ
NRS,PHB20100316,Port Hacking,151.22667,-34.11923,2010-03-17 09:05:00,30.88973,PZ
NRS,PHB20100702,Port Hacking,151.22667,-34.11923,2010-07-02 11:35:00,56.22745,PZ
NRS,PHB20110517,Port Hacking,151.22667,-34.11923,2011-05-18 09:25:00,0.19449,PZ
NRS,PHB20161204,Port Hacking,151.22667,-34.11923,2016-12-05 09:45:00,16.92128,FPZ
NRS,PHB20170321,Port Hacking,151.22667,-34.11923,2017-03-22 09:21:00,6.40427,FPZ
NRS,PHB20180123,Port Hacking,151.22667,-34.11923,2018-01-24 09:41:00,16.66313,FPZ
NRS,PHB20200520,Port Hacking,151.22667,-34.11923,2020-05-20 10:01:00,1.13162,PZ
NRS,PHB20201110,Port Hacking,151.22667,-34.11923,2020-11-11 08:40:00,21.23264,PZ
NRS,PHB20121009,Port Hacking,151.22667,-34.11923,2012-10-10 09:44:00,9.87693,PZ
NRS,PHB20141112,Port Hacking,151.22667,-34.11923,2014-11-13 09:36:00,5.67246,PZ
NRS,PHB20180626,Port Hacking,151.22667,-34.11923,2018-06-27 09:41:00,,FP
NRS,PHB20201013,Port Hacking,151.22667,-34.11923,2020-10-14 09:48:00,,P
NRS,PHB20200630,Port Hacking,151.22667,-34.11923,2020-07-01 09:18:00,3.18948,PZ
NRS,PHB20160829,Port Hacking,151.22667,-34.11923,2016-08-30 09:20:00,9.39953,FPZ
NRS,PHB20100218,Port Hacking,151.22667,-34.11923,2010-02-19 09:05:00,26.51177,Z
NRS,ROT20111020,Rottnest Island,115.41667,-32,2011-10-20 12:00:00,5.27304,PZ
NRS,ROT20150128,Rottnest Island,115.41667,-32,2015-01-28 10:15:00,6.32607,PZ
NRS,ROT20160502,Rottnest Island,115.41667,-32,2016-05-02 09:44:00,12.73074,FPZ
NRS,ROT20161114,Rottnest Island,115.41667,-32,2016-11-14 09:45:00,13.05294,FPZ
NRS,ROT20170407,Rottnest Island,115.41667,-32,2017-04-07 09:28:00,46.35719,FPZ
NRS,ROT20170523,Rottnest Island,115.41667,-32,2017-05-23 09:53:00,10.49893,FPZ
NRS,ROT20180125,Rottnest Island,115.41667,-32,2018-01-25 10:00:00,12.55392,FPZ
NRS,ROT20110527,Rottnest Island,115.41667,-32,2011-05-27 09:35:00,13.94095,PZ
NRS,ROT20120504,Rottnest Island,115.41667,-32,2012-05-04 13:00:00,13.42229,PZ
NRS,ROT20120727,Rottnest Island,115.41667,-32,2012-07-27 09:55:00,13.95666,PZ
NRS,ROT20120928,Rottnest Island,115.41667,-32,2012-09-28 11:41:00,14.89182,PZ
NRS,ROT20140122,Rottnest Island,115.41667,-32,2014-01-22 10:10:00,15.87413,PZ
NRS,ROT20170914,Rottnest Island,115.41667,-32,2017-09-14 09:45:00,4.74652,FPZ
NRS,ROT20150507,Rottnest Island,115.41667,-32,2015-05-07 09:36:00,11.04902,PZ
NRS,ROT20181024,Rottnest Island,115.41667,-32,2018-10-24 09:18:00,13.39085,FPZ
NRS,ROT20150827,Rottnest Island,115.41667,-32,2015-08-27 11:15:00,3.96853,PZ
NRS,ROT20191104,Rottnest Island,115.41667,-32,2019-11-04 09:25:00,,FP
NRS,ROT20150701,Rottnest Island,115.41667,-32,2015-07-01 09:46:00,16.5421,Z
NRS,YON20110811,Yongala,147.61842,-19.30847,2011-08-11 11:00:00,4.44346,PZ
NRS,YON20111213,Yongala,147.61842,-19.30847,2011-12-13 12:55:00,12.17309,PZ
NRS,YON20170220,Yongala,147.61842,-19.30847,2017-02-20 10:29:00,7.20864,PZ
NRS,YON20170816,Yongala,147.61842,-19.30847,2017-08-16 10:24:00,6.06832,PZ
NRS,YON20191202,Yongala,147.61842,-19.30847,2019-12-03 09:45:00,22.50866,PZ
NRS,YON20200212,Yongala,147.61842,-19.30847,2020-02-13 09:47:00,33.71743,PZ
NRS,YON20120726,Yongala,147.61842,-19.30847,2012-07-26 11:00:00,19.04171,PZ
NRS,YON20171215,Yongala,147.61842,-19.30847,2017-12-15 10:44:00,34.71906,PZ
NRS,YON20100413,Yongala,147.61842,-19.30847,2010-04-13 14:14:00,27.09363,PZ
NRS,YON20100729,Yongala,147.61842,-19.30847,2010-07-29 11:22:00,8.24234,PZ
NRS,YON20110217,Yongala,147.61842,-19.30847,2011-02-17 11:30:00,25.29236,PZ
NRS,YON20170724,Yongala,147.61842,-19.30847,2017-07-24 10:45:00,4.99328,PZ
NRS,YON20160503,Yongala,147.61842,-19.30847,2016-05-03 10:01:00,14.90694,PZ
NRS,YON20161012,Yongala,147.61842,-19.30847,2016-10-12 10:26:00,14.40369,PZ
NRS,YON20140624,Yongala,147.61842,-19.30847,2014-06-24 10:53:00,1.27851,PZ
NWS,NWS_2.1,North West Shelf,120.6191,-18.1717,2015-01-19 23:55:00,,P
NWS,NWS_2.2,North West Shelf,120.6191,-18.1717,2015-01-19 23:55:01,,P
NWS,NWS_2.3,North West Shelf,120.6191,-18.1717,2015-01-19 23:55:02,,P
NWS,NWS_4.2,North West Shelf,120.6191,-18.1717,2015-01-21 00:15:01,,P
NWS,NWS_8.1,North West Shelf,120.6191,-18.1717,2015-01-22 10:04:00,,P
NWS,NWS_11.3,North West Shelf,120.6191,-18.1717,2015-01-23 04:02:01,,P
NWS,NWS_12.1,North West Shelf,120.6191,-18.1717,2015-01-23 07:01:00,,P
NWS,NWS_13.2,North West Shelf,120.6191,-18.1717,2015-01-23 10:00:01,,P
NWS,NWS_15.3,North West Shelf,120.6191,-18.1717,2015-01-24 01:34:02,,P
NWS,NWS_16.1,North West Shelf,120.6191,-18.1717,2015-01-24 04:04:00,,P
IIOE,IIOE20190517,International Indian Ocean Expedition,110,-39.34,2019-05-17 16:24:00,,PZ
IIOE,IIOE20190608,International Indian Ocean Expedition,111.384,-18.372,2019-06-08 15:45:00,,PZ
NRS Ichthyoplankton,NSF20160822,North Stradbroke Ichthyo 30m,153.5802,-27.3889,2016-08-22 10:50:00,,F
NRS Ichthyoplankton,NSF20160920,North Stradbroke Ichthyo 30m,153.5802,-27.3889,2016-09-20 10:15:00,,F
NRS Ichthyoplankton,NSF20170627,North Stradbroke Ichthyo 30m,153.5802,-27.3889,2017-06-27 10:20:00,,F
NRS Ichthyoplankton,NSF20170927,North Stradbroke Ichthyo 30m,153.5802,-27.3889,2017-09-27 10:40:00,,F
NRS Ichthyoplankton,NSF20171023,North Stradbroke Ichthyo 30m,153.5802,-27.3889,2017-10-23 10:25:00,,F
NRS Ichthyoplankton,NSF20180123,North Stradbroke Ichthyo 30m,153.5802,-27.3889,2018-01-23 10:20:00,,F
NRS Ichthyoplankton,NSF20180913,North Stradbroke Ichthyo 30m,153.5802,-27.3889,2018-09-13 10:20:00,,F
NRS Ichthyoplankton,NSF20190723,North Stradbroke Ichthyo 30m,153.5802,-27.3889,2019-07-23 10:20:00,,F
NRS Ichthyoplankton,PHA20160926,Port Hacking A,151.21667,-34.08333,2016-09-27 09:54:00,,F
NRS Ichthyoplankton,PHA20170716,Port Hacking A,151.21667,-34.08333,2017-07-17 09:42:00,,F
NRS Ichthyoplankton,PHA20170921,Port Hacking A,151.21667,-34.08333,2017-09-22 08:48:00,,F
NRS Ichthyoplankton,PHA20180326,Port Hacking A,151.21667,-34.08333,2018-03-27 09:40:00,,F
NRS Ichthyoplankton,ROF20191011,Rottnest Island Ichthyo 34m,115.48333,-31.96666,2019-10-11 10:07:00,,F
NRS,DAR20200922_0330,Darwin,130.76805,-12.4,2020-09-22 13:00:00,591.36077,PZ
NRS,DAR20150202_2130,Darwin,130.76805,-12.4,2015-02-03 07:00:00,29.88895,Z
NRS,DAR20160724_0730,Darwin,130.76805,-12.4,2016-07-24 17:00:00,31.06065,PZ
NRS,DAR20120115_0540,Darwin,130.76805,-12.4,2012-01-15 15:10:00,219.85591,PZ
NRS,DAR20151117,Darwin,130.76805,-12.4,2015-11-18 08:16:00,12.2731,PZ
NRS,DAR20150505,Darwin,130.76805,-12.4,2015-05-06 08:24:00,30.54985,Z
NRS,ESP20120309,Esperance,121.85,-33.93333,2012-03-09 09:34:00,23.78763,Z
NRS,ESP20120229,Esperance,121.85,-33.93333,2012-02-29 10:00:00,,P
NRS,ESP20100322,Esperance,121.85,-33.93333,2010-03-22 09:40:00,12.27495,PZ
NRS,KAI20120415,Kangaroo Island,136.44733,-35.83217,2012-04-15 10:42:00,1.77876,PZ
NRS,KAI20120116,Kangaroo Island,136.44733,-35.83217,2012-01-17 07:00:00,3.46735,PZ
NRS,KAI20160915,Kangaroo Island,136.44733,-35.83217,2016-09-15 11:18:00,17.11931,FPZ
NRS,KAI20090205,Kangaroo Island,136.44733,-35.83217,2009-02-05 14:05:00,,P
NRS,KAI20140713,Kangaroo Island,136.44733,-35.83217,2014-07-13 16:13:00,3.87934,PZ
NRS,KAI20190514,Kangaroo Island,136.44733,-35.83217,2019-05-14 15:35:00,6.5245,FPZ
NRS,MAI20091207,Maria Island,148.23333,-42.59667,2009-12-07 11:10:00,57.09827,PZ
NRS,MAI20101027,Maria Island,148.23333,-42.59667,2010-10-27 12:50:00,13.44684,PZ
NRS,MAI20120326,Maria Island,148.23333,-42.59667,2012-03-27 10:40:00,3.88994,PZ
NRS,MAI20180315,Maria Island,148.23333,-42.59667,2018-03-16 08:45:00,23.33969,FPZ
NRS,MAI20190925,Maria Island,148.23333,-42.59667,2019-09-25 10:03:00,9.08597,PZ
NRS,MAI20200628,Maria Island,148.23333,-42.59667,2020-06-29 09:45:00,1.33908,PZ
NRS,MAI20100527,Maria Island,148.23333,-42.59667,2010-05-27 11:30:00,4.16401,PZ
NRS,MAI20121017,Maria Island,148.23333,-42.59667,2012-10-18 10:52:00,22.72084,PZ
NRS,MAI20130924,Maria Island,148.23333,-42.59667,2013-09-24 11:40:00,0.21723,PZ
NRS,MAI20111005,Maria Island,148.23333,-42.59667,2011-10-05 12:24:00,11.93507,PZ
NRS,MAI20131217,Maria Island,148.23333,-42.59667,2013-12-17 11:05:00,19.56467,PZ
NRS,MAI20101214,Maria Island,148.23333,-42.59667,2010-12-14 11:05:00,26.42513,PZ
NRS,MAI20141127,Maria Island,148.23333,-42.59667,2014-11-28 09:30:00,11.00502,FPZ
NRS,MAI20200928,Maria Island,148.23333,-42.59667,2020-09-29 09:00:00,4.99328,PZ
NRS,MAI20150224,Maria Island,148.23333,-42.59667,2015-02-25 10:20:00,4.54534,FPZ
NRS,NIN20110209,Ningaloo,113.779,-21.99,2011-02-09 10:15:00,59.31112,PZ
NRS,NSI20090916,North Stradbroke,153.562,-27.345,2009-09-17 08:30:00,15.22545,PZ
NRS,NSI20091101,North Stradbroke,153.562,-27.345,2009-11-02 09:02:00,15.22545,PZ
NRS,NSI20100322,North Stradbroke,153.562,-27.345,2010-03-23 09:15:00,41.88929,PZ
NRS,NSI20100411,North Stradbroke,153.562,-27.345,2010-04-12 08:35:00,17.15435,PZ
NRS,NSI20110412,North Stradbroke,153.562,-27.345,2011-04-13 09:25:00,9.83739,PZ
NRS,NSI20110816,North Stradbroke,153.562,-27.345,2011-08-16 10:00:00,16.5371,PZ
NRS,NSI20130819,North Stradbroke,153.562,-27.345,2013-08-19 10:10:00,5.21446,PZ
NRS,NSI20150817,North Stradbroke,153.562,-27.345,2015-08-17 10:30:00,15.57908,FPZ
NRS,NSI20161215,North Stradbroke,153.562,-27.345,2016-12-15 10:15:00,42.08861,FPZ
NRS,NSI20170627,North Stradbroke,153.562,-27.345,2017-06-27 10:20:00,9.23943,FPZ
NRS,NSI20180530,North Stradbroke,153.562,-27.345,2018-05-30 10:20:00,9.65736,FPZ
NRS,NSI20190821,North Stradbroke,153.562,-27.345,2019-08-21 10:40:00,10.04314,FPZ
NRS,NSI20210119,North Stradbroke,153.562,-27.345,2021-01-19 11:00:00,27.83082,PZ
NRS,NSI20110220,North Stradbroke,153.562,-27.345,2011-02-21 09:40:00,7.1305,PZ
NRS,NSI20090416,North Stradbroke,153.562,-27.345,2009-04-16 10:30:00,10.14601,Z
NRS,NSI20090114,North Stradbroke,153.562,-27.345,2009-01-14 10:30:00,18.88393,Z
NRS,NSI20121017,North Stradbroke,153.562,-27.345,2012-10-17 10:20:00,21.71942,PZ
NRS,NSI20150304,North Stradbroke,153.562,-27.345,2015-03-04 10:30:00,6.30107,FPZ
NRS,PH420020926,Port Hacking 4,151.21815,-34.11758,2002-09-26 00:00:00,,Z
NRS,PH420021120,Port Hacking 4,151.21815,-34.11758,2002-11-20 00:00:00,,Z
NRS,PH420051208,Port Hacking 4,151.21815,-34.11758,2005-12-08 00:00:00,,Z
NRS,PH420070115,Port Hacking 4,151.21815,-34.11758,2007-01-15 00:00:00,,Z
NRS,PH420080805,Port Hacking 4,151.21815,-34.11758,2008-08-05 00:00:00,,Z
NRS,PHB20091018,Port Hacking,151.22667,-34.11923,2009-10-19 09:55:00,19.84935,PZZ
NRS,PHB20110717,Port Hacking,151.22667,-34.11923,2011-07-18 09:38:00,0.41374,PZ
NRS,PHB20120212,Port Hacking,151.22667,-34.11923,2012-02-13 10:00:00,12.56453,PZ
NRS,PHB20130319,Port Hacking,151.22667,-34.11923,2013-03-20 09:27:00,2.04045,PZ
NRS,PHB20130422,Port Hacking,151.22667,-34.11923,2013-04-23 09:32:00,1.26246,PZ
NRS,PHB20170716,Port Hacking,151.22667,-34.11923,2017-07-17 09:42:00,5.80663,FPZ
NRS,PHB20170921,Port Hacking,151.22667,-34.11923,2017-09-22 08:48:00,16.79751,FPZ
NRS,PHB20171211,Port Hacking,151.22667,-34.11923,2017-12-12 08:54:00,23.96916,FPZ
NRS,PHB20180221,Port Hacking,151.22667,-34.11923,2018-02-22 09:18:00,17.35978,FPZ
NRS,PHB20140515,Port Hacking,151.22667,-34.11923,2014-05-16 09:35:00,4.44515,Z
NRS,PHB20180528,Port Hacking,151.22667,-34.11923,2018-05-29 09:50:00,17.22186,PZ
NRS,PHB20170419,Port Hacking,151.22667,-34.11923,2017-04-19 10:00:00,9.12723,Z
NRS,PHB20140824,Port Hacking,151.22667,-34.11923,2014-08-25 09:57:00,5.10997,PZ
NRS,ROT20100315,Rottnest Island,115.41667,-32,2010-03-15 10:00:00,74.29411,PZ
NRS,ROT20100520,Rottnest Island,115.41667,-32,2010-05-20 10:05:00,6.01959,PZ
NRS,ROT20100924,Rottnest Island,115.41667,-32,2010-09-24 12:22:00,6.64041,PZ
NRS,ROT20101124,Rottnest Island,115.41667,-32,2010-11-24 11:07:00,10.92329,PZ
NRS,ROT20141216,Rottnest Island,115.41667,-32,2014-12-16 09:37:00,10.51465,Z
NRS,ROT20151215,Rottnest Island,115.41667,-32,2015-12-15 08:22:00,7.35554,PZ
NRS,ROT20161214,Rottnest Island,115.41667,-32,2016-12-14 09:35:00,9.66122,FPZ
NRS,ROT20180831,Rottnest Island,115.41667,-32,2018-08-31 10:07:00,38.38869,FPZ
NRS,ROT20191011,Rottnest Island,115.41667,-32,2019-10-11 10:07:00,53.99073,FPZ
NRS,ROT20140519,Rottnest Island,115.41667,-32,2014-05-19 12:22:00,6.82902,PZ
NRS,ROT20181130,Rottnest Island,115.41667,-32,2018-11-30 09:33:00,11.40266,FPZ
NRS,ROT20160324,Rottnest Island,115.41667,-32,2016-03-24 09:47:00,5.34376,FPZ
NRS,ROT20190221,Rottnest Island,115.41667,-32,2019-02-21 09:30:00,8.74649,FPZ
NRS,ROT20190621,Rottnest Island,115.41667,-32,2019-06-21 09:15:00,3.76421,FPZ
NRS,ROT20171123,Rottnest Island,115.41667,-32,2017-11-23 10:05:00,13.44569,FPZ
NRS,ROT20160722,Rottnest Island,115.41667,-32,2016-07-22 13:20:00,20.89571,FZ
NRS,ROT20180727,Rottnest Island,115.41667,-32,2018-07-27 09:33:00,18.29455,FPZ
NRS,ROT20200814,Rottnest Island,115.41667,-32,2020-08-14 09:21:00,11.72289,Z
NRS,YON20101101,Yongala,147.61842,-19.30847,2010-11-01 11:45:00,8.55516,PZ
NRS,YON20110720,Yongala,147.61842,-19.30847,2011-07-20 11:37:00,8.37953,PZ
NRS,YON20120816,Yongala,147.61842,-19.30847,2012-08-16 00:00:00,4.13477,PZ
NRS,YON20121026,Yongala,147.61842,-19.30847,2012-10-26 11:20:00,19.31373,PZ
NRS,YON20121219,Yongala,147.61842,-19.30847,2012-12-19 10:20:00,43.52391,PZ
NRS,YON20150825,Yongala,147.61842,-19.30847,2015-08-25 10:45:00,6.80061,PZ
NRS,YON20151203,Yongala,147.61842,-19.30847,2015-12-03 11:00:00,9.004,PZ
NRS,YON20200422,Yongala,147.61842,-19.30847,2020-04-22 11:24:00,55.15295,PZ
NRS,YON20141120,Yongala,147.61842,-19.30847,2014-11-21 08:48:00,7.00462,PZ
NRS,YON20141014,Yongala,147.61842,-19.30847,2014-10-14 12:02:00,10.62255,PZ
NRS,YON20170120,Yongala,147.61842,-19.30847,2017-01-20 10:00:00,21.88436,PZ
NRS,YON20200926,Yongala,147.61842,-19.30847,2020-09-26 12:33:00,18.49494,PZ
NRS,YON20190124,Yongala,147.61842,-19.30847,2019-01-24 11:12:00,8.04865,PZ
NRS,YON20150324,Yongala,147.61842,-19.30847,2015-03-24 15:15:00,30.20831,PZ
NWS,NWS_1.3,North West Shelf,120.6191,-18.1717,2015-01-18 00:11:02,,P
NWS,NWS_3.1,North West Shelf,120.6191,-18.1717,2015-01-20 00:10:00,,P
NWS,NWS_5.2,North West Shelf,120.6191,-18.1717,2015-01-22 01:16:01,,P
NWS,NWS_7.1,North West Shelf,120.6191,-18.1717,2015-01-22 07:03:00,,P
NWS,NWS_14.1,North West Shelf,120.6191,-18.1717,2015-01-23 22:02:00,,P
IIOE,IIOE20190604,International Indian Ocean Expedition,110,-12.5,2019-06-04 17:00:00,,PZ
IIOE,IIOE20190523,International Indian Ocean Expedition,110,-30.5,2019-05-23 15:40:00,,PZ
IIOE,IIOE20190520,International Indian Ocean Expedition,110,-35.01,2019-05-20 17:22:00,,PZ
IIOE,IIOE20190527,International Indian Ocean Expedition,110,-24.505,2019-05-27 17:26:00,,PZ
SOTS,SOTS20120717,Southern Ocean Time Series,142.25826,-46.93473,2012-07-17 16:30:00,,Z
NRS Ichthyoplankton,NSF20151216,North Stradbroke Ichthyo 30m,153.5802,-27.3889,2015-12-16 10:30:00,,F
NRS Ichthyoplankton,NSF20160412,North Stradbroke Ichthyo 30m,153.5802,-27.3889,2016-04-12 10:45:00,,F
NRS Ichthyoplankton,NSF20161215,North Stradbroke Ichthyo 30m,153.5802,-27.3889,2016-12-15 10:15:00,,F
NRS Ichthyoplankton,NSF20170424,North Stradbroke Ichthyo 30m,153.5802,-27.3889,2017-04-24 11:00:00,,F
NRS Ichthyoplankton,NSF20170516,North Stradbroke Ichthyo 30m,153.5802,-27.3889,2017-05-16 10:20:00,,F
NRS Ichthyoplankton,NSF20170717,North Stradbroke Ichthyo 30m,153.5802,-27.3889,2017-07-17 11:05:00,,F
NRS Ichthyoplankton,NSF20170829,North Stradbroke Ichthyo 30m,153.5802,-27.3889,2017-08-29 11:50:00,,F
NRS Ichthyoplankton,NSF20171219,North Stradbroke Ichthyo 30m,153.5802,-27.3889,2017-12-19 10:45:00,,F
NRS Ichthyoplankton,NSF20191220,North Stradbroke Ichthyo 30m,153.5802,-27.3889,2019-12-20 10:20:00,,F
NRS Ichthyoplankton,PHA20150723,Port Hacking A,151.21667,-34.08333,2015-07-23 10:07:00,,F
NRS Ichthyoplankton,PHA20151115,Port Hacking A,151.21667,-34.08333,2015-11-16 09:33:00,,F
NRS Ichthyoplankton,PHA20170205,Port Hacking A,151.21667,-34.08333,2017-02-06 10:49:00,,F
NRS Ichthyoplankton,PHA20170517,Port Hacking A,151.21667,-34.08333,2017-05-18 09:45:00,,F
NRS Ichthyoplankton,PHA20171024,Port Hacking A,151.21667,-34.08333,2017-10-25 09:01:00,,F
NRS Ichthyoplankton,PHA20191028,Port Hacking A,151.21667,-34.08333,2019-10-29 09:30:00,,F
NRS,DAR20191105,Darwin,130.76805,-12.4,2019-11-06 07:38:00,41.06691,PZ
NRS,DAR20121209_0300,Darwin,130.76805,-12.4,2012-12-09 12:30:00,12.86546,PZ
NRS,DAR20180730_2130,Darwin,130.76805,-12.4,2018-07-31 07:03:00,97.76151,PZ
NRS,DAR20180731_0330,Darwin,130.76805,-12.4,2018-07-31 13:00:00,207.90013,PZ
NRS,DAR20190214_0330,Darwin,130.76805,-12.4,2019-02-14 13:00:00,10.98338,PZ
NRS,DAR20160202_0630,Darwin,130.76805,-12.4,2016-02-02 16:00:00,11.1001,PZ
NRS,DAR20170715_0330,Darwin,130.76805,-12.4,2017-07-15 13:00:00,242.84681,PZ
NRS,DAR20161107,Darwin,130.76805,-12.4,2016-11-08 08:11:00,22.03568,PZ
NRS,DAR20170203_0630,Darwin,130.76805,-12.4,2017-02-03 16:00:00,47.67788,PZ
NRS,DAR20171009,Darwin,130.76805,-12.4,2017-10-10 07:57:00,87.81119,PZ
NRS,DAR20140118_0330,Darwin,130.76805,-12.4,2014-01-18 13:00:00,112.3717,Z
NRS,DAR20140118_0030,Darwin,130.76805,-12.4,2014-01-18 10:00:00,606.52675,Z
NRS,ESP20090917,Esperance,121.85,-33.93333,2009-09-17 09:40:00,7.84276,PZ
NRS,KAI20140507,Kangaroo Island,136.44733,-35.83217,2014-05-07 13:45:00,7.17165,PZ
NRS,KAI20111115,Kangaroo Island,136.44733,-35.83217,2011-11-15 11:30:00,2.34104,PZ
NRS,KAI20130423,Kangaroo Island,136.44733,-35.83217,2013-04-23 13:16:00,1.79998,Z
NRS,KAI20101213,Kangaroo Island,136.44733,-35.83217,2010-12-14 08:30:00,4.15517,PZ
NRS,KAI20110319,Kangaroo Island,136.44733,-35.83217,2011-03-20 09:40:00,0.31826,PZ
NRS,KAI20090114,Kangaroo Island,136.44733,-35.83217,2009-01-15 08:00:00,,P
NRS,KAI20190320,Kangaroo Island,136.44733,-35.83217,2019-03-20 13:40:00,12.09774,FPZ
NRS,KAI20141029,Kangaroo Island,136.44733,-35.83217,2014-10-29 11:00:00,5.21253,FPZ
NRS,MAI20101001,Maria Island,148.23333,-42.59667,2010-10-01 12:40:00,2.71854,PZ
NRS,MAI20111214,Maria Island,148.23333,-42.59667,2011-12-15 10:35:00,6.97538,PZ
NRS,MAI20120222,Maria Island,148.23333,-42.59667,2012-02-22 11:00:00,2.52846,PZ
NRS,MAI20120412,Maria Island,148.23333,-42.59667,2012-04-12 10:45:00,2.34723,PZ
NRS,MAI20130129,Maria Island,148.23333,-42.59667,2013-01-30 10:33:00,18.95908,PZ
NRS,MAI20130821,Maria Island,148.23333,-42.59667,2013-08-21 11:21:00,0.67632,PZ
NRS,MAI20200223,Maria Island,148.23333,-42.59667,2020-02-24 10:30:00,8.65219,PZ
NRS,MAI20210106,Maria Island,148.23333,-42.59667,2021-01-07 09:54:00,9.68008,PZ
NRS,MAI20160209,Maria Island,148.23333,-42.59667,2016-02-10 10:45:00,4.24358,FPZ
NRS,MAI20160530,Maria Island,148.23333,-42.59667,2016-05-31 09:45:00,3.78621,FPZ
NRS,MAI20160927,Maria Island,148.23333,-42.59667,2016-09-27 10:10:00,10.4675,FPZ
NRS,MAI20180116,Maria Island,148.23333,-42.59667,2018-01-17 10:30:00,51.00785,FPZ
NRS,NIN20130806,Ningaloo,113.779,-21.99,2013-08-06 14:03:00,26.50823,PZ
NRS,NSI20111116,North Stradbroke,153.562,-27.345,2011-11-16 10:00:00,17.09006,PZ
NRS,NSI20130706,North Stradbroke,153.562,-27.345,2013-07-07 09:40:00,5.25946,PZ
NRS,NSI20190416,North Stradbroke,153.562,-27.345,2019-04-16 10:10:00,11.59912,FPZ
NRS,NSI20190723,North Stradbroke,153.562,-27.345,2019-07-23 10:20:00,12.10063,FPZ
NRS,NSI20200528,North Stradbroke,153.562,-27.345,2020-05-28 11:00:00,8.07566,FPZ
NRS,NSI20200720,North Stradbroke,153.562,-27.345,2020-07-20 10:30:00,17.12863,PZ
NRS,NSI20200817,North Stradbroke,153.562,-27.345,2020-08-18 09:50:00,12.16493,PZ
NRS,NSI20201022,North Stradbroke,153.562,-27.345,2020-10-22 10:05:00,7.16908,PZ
NRS,NSI20201221,North Stradbroke,153.562,-27.345,2020-12-21 10:30:00,16.96146,PZ
NRS,NSI20210226,North Stradbroke,153.562,-27.345,2021-02-26 10:40:00,,PZ
NRS,NSI20210415,North Stradbroke,153.562,-27.345,2021-04-16 09:40:00,,PZ
NRS,NSI20081217,North Stradbroke,153.562,-27.345,2008-12-17 11:00:00,32.91347,Z
NRS,NSI20090618,North Stradbroke,153.562,-27.345,2009-06-18 13:30:00,23.54544,Z
NRS,NSI20090720,North Stradbroke,153.562,-27.345,2009-07-20 11:07:00,45.98499,Z
NRS,NSI20100711,North Stradbroke,153.562,-27.345,2010-07-12 08:45:00,18.41457,PZ
NRS,NSI20110119,North Stradbroke,153.562,-27.345,2011-01-19 10:00:00,13.66304,PZ
NRS,NSI20140507,North Stradbroke,153.562,-27.345,2014-05-07 10:25:00,9.94026,PZ
NRS,NSI20081119,North Stradbroke,153.562,-27.345,2008-11-19 10:30:00,7.27838,Z
NRS,NSI20091115,North Stradbroke,153.562,-27.345,2009-11-16 08:20:00,31.31891,PZ
NRS,NSI20120806,North Stradbroke,153.562,-27.345,2012-08-06 10:15:00,7.4134,PZ
NRS,NSI20140404,North Stradbroke,153.562,-27.345,2014-04-04 10:45:00,14.57605,PZ
NRS,NSI20181023,North Stradbroke,153.562,-27.345,2018-10-23 10:30:00,15.18044,FPZ
NRS,NSI20180817,North Stradbroke,153.562,-27.345,2018-08-17 10:20:00,11.82416,FPZ
NRS,NSI20140213,North Stradbroke,153.562,-27.345,2014-02-13 10:20:00,13.02007,PZ
NRS,NSI20121114,North Stradbroke,153.562,-27.345,2012-11-14 10:45:00,19.54619,PZ
NRS,PH420020604,Port Hacking 4,151.21815,-34.11758,2002-06-04 00:00:00,,Z
NRS,PH420030120,Port Hacking 4,151.21815,-34.11758,2003-01-20 00:00:00,,Z
NRS,PH420031210,Port Hacking 4,151.21815,-34.11758,2003-12-10 00:00:00,,Z
NRS,PH420040326,Port Hacking 4,151.21815,-34.11758,2004-03-26 00:00:00,,Z
NRS,PH420050510,Port Hacking 4,151.21815,-34.11758,2005-05-10 00:00:00,,Z
NRS,PH420050909,Port Hacking 4,151.21815,-34.11758,2005-09-09 00:00:00,,Z
NRS,PH420080430,Port Hacking 4,151.21815,-34.11758,2008-04-30 00:00:00,,Z
NRS,PH420080825,Port Hacking 4,151.21815,-34.11758,2008-08-25 00:00:00,,Z
NRS,PHB20090920,Port Hacking,151.22667,-34.11923,2009-09-21 09:17:00,15.9205,PZZ
NRS,PHB20100510,Port Hacking,151.22667,-34.11923,2010-05-11 09:13:00,17.7806,PZ
NRS,PHB20101213,Port Hacking,151.22667,-34.11923,2010-12-14 09:30:00,23.30079,PZ
NRS,PHB20110228,Port Hacking,151.22667,-34.11923,2011-03-01 09:30:00,1.35087,PZ
NRS,PHB20110619,Port Hacking,151.22667,-34.11923,2011-06-20 09:34:00,1.35087,PZ
NRS,PHB20111117,Port Hacking,151.22667,-34.11923,2011-11-18 09:36:00,4.8589,PZ
NRS,PHB20111206,Port Hacking,151.22667,-34.11923,2011-12-07 09:30:00,32.37033,PZ
NRS,PHB20120821,Port Hacking,151.22667,-34.11923,2012-08-22 09:19:00,14.08869,PZ
NRS,PHB20140716,Port Hacking,151.22667,-34.11923,2014-07-16 10:00:00,5.15595,PZ
NRS,PHB20150121,Port Hacking,151.22667,-34.11923,2015-01-22 09:48:00,4.59721,PZ
NRS,PHB20181218,Port Hacking,151.22667,-34.11923,2018-12-19 09:40:00,9.88754,FPZ
NRS,PHB20190827,Port Hacking,151.22667,-34.11923,2019-08-28 09:59:00,16.61715,FPZ
NRS,PHB20191216,Port Hacking,151.22667,-34.11923,2019-12-17 09:02:00,4.95791,PZ
NRS,PHB20170614,Port Hacking,151.22667,-34.11923,2017-06-15 08:52:00,6.09307,PZ
NRS,PHB20140211,Port Hacking,151.22667,-34.11923,2014-02-12 09:57:00,4.54063,PZ
NRS,PHB20160926,Port Hacking,151.22667,-34.11923,2016-09-27 09:54:00,10.68675,FPZ
NRS,PHB20141208,Port Hacking,151.22667,-34.11923,2014-12-09 09:51:00,2.95599,PZ
NRS,PHB20130125,Port Hacking,151.22667,-34.11923,2013-01-25 10:54:00,13.60421,Z
NRS,PHB20140911,Port Hacking,151.22667,-34.11923,2014-09-11 10:13:00,28.66892,FPZ
NRS,ROT20100416,Rottnest Island,115.41667,-32,2010-04-16 08:30:00,17.56371,PZ
NRS,ROT20131017,Rottnest Island,115.41667,-32,2013-10-17 08:00:00,9.29658,PZ
NRS,ROT20160413,Rottnest Island,115.41667,-32,2016-04-13 09:30:00,28.77776,FPZ
NRS,ROT20201013,Rottnest Island,115.41667,-32,2020-10-13 09:18:00,17.92913,PZ
NRS,ROT20170428,Rottnest Island,115.41667,-32,2017-04-28 09:52:00,4.29859,FPZ
NRS,ROT20140919,Rottnest Island,115.41667,-32,2014-09-19 12:57:00,6.76615,PZ
NRS,ROT20140730,Rottnest Island,115.41667,-32,2014-07-30 10:03:00,10.31033,PZ
NRS,ROT20110224,Rottnest Island,115.41667,-32,2011-02-24 09:35:00,7.39483,PZ
NRS,ROT20131218,Rottnest Island,115.41667,-32,2013-12-18 10:43:00,24.18841,PZ
NRS,ROT20200710,Rottnest Island,115.41667,-32,2020-07-10 10:25:00,25.40844,PZ
NRS,ROT20200730,Rottnest Island,115.41667,-32,2020-07-30 09:27:00,40.45547,PZ
NRS,ROT20130125,Rottnest Island,115.41667,-32,2013-01-25 10:10:00,25.53221,PZ
NRS,ROT20180719,Rottnest Island,115.41667,-32,2018-07-19 09:35:00,12.57357,FPZ
NRS,YON20130611,Yongala,147.61842,-19.30847,2013-06-11 13:34:00,37.72979,PZ
NRS,YON20130719,Yongala,147.61842,-19.30847,2013-07-19 11:08:00,11.32981,PZ
NRS,YON20151111,Yongala,147.61842,-19.30847,2015-11-11 10:45:00,11.49303,PZ
NRS,YON20150119,Yongala,147.61842,-19.30847,2015-01-19 11:25:00,18.76968,PZ
NRS,YON20110414,Yongala,147.61842,-19.30847,2011-04-14 11:27:00,25.74711,PZ
NRS,YON20131114,Yongala,147.61842,-19.30847,2013-11-14 10:32:00,14.66211,PZ
NRS,YON20190703,Yongala,147.61842,-19.30847,2019-07-03 10:50:00,50.39253,PZ
NRS,YON20150923,Yongala,147.61842,-19.30847,2015-09-23 13:11:00,5.25007,PZ
NRS,YON20170322,Yongala,147.61842,-19.30847,2017-03-22 12:00:00,21.50081,PZ
NRS,YON20151027,Yongala,147.61842,-19.30847,2015-10-27 10:10:00,7.42626,PZ
NRS,YON20180927,Yongala,147.61842,-19.30847,2018-09-27 10:52:00,11.86434,PZ
NWS,NWS_6.2,North West Shelf,120.6191,-18.1717,2015-01-22 03:31:00,,P
NWS,NWS_11.2,North West Shelf,120.6191,-18.1717,2015-01-23 04:02:00,,P
IIOE,IIOE20190603,International Indian Ocean Expedition,110,-14,2019-06-03 16:24:00,,PZ
IIOE,IIOE20190522,International Indian Ocean Expedition,110,-32,2019-05-22 15:55:00,,PZ
IIOE,IIOE20190610,International Indian Ocean Expedition,111.526,-20.651,2019-06-10 01:00:00,,Z
NRS Ichthyoplankton,NSF20160318,North Stradbroke Ichthyo 30m,153.5802,-27.3889,2016-03-18 10:30:00,,F
NRS Ichthyoplankton,NSF20161116,North Stradbroke Ichthyo 30m,153.5802,-27.3889,2016-11-16 10:15:00,,F
NRS Ichthyoplankton,NSF20180302,North Stradbroke Ichthyo 30m,153.5802,-27.3889,2018-03-02 10:25:00,,F
NRS Ichthyoplankton,NSF20181023,North Stradbroke Ichthyo 30m,153.5802,-27.3889,2018-10-23 10:30:00,,F
NRS Ichthyoplankton,NSF20200228,North Stradbroke Ichthyo 30m,153.5802,-27.3889,2020-02-28 10:30:00,,F
NRS Ichthyoplankton,PHA20160407,Port Hacking A,151.21667,-34.08333,2016-04-08 09:13:00,,F
NRS Ichthyoplankton,PHA20190227,Port Hacking A,151.21667,-34.08333,2019-02-28 10:35:00,,F
NRS Ichthyoplankton,PHA20190729,Port Hacking A,151.21667,-34.08333,2019-07-29 10:03:00,,F
NRS Ichthyoplankton,ROF20190711,Rottnest Island Ichthyo 34m,115.48333,-31.96666,2019-07-11 09:26:00,,F
NRS Ichthyoplankton,ROF20190819,Rottnest Island Ichthyo 34m,115.48333,-31.96666,2019-08-19 08:31:00,,F
NRS,DAR20130405,Darwin,130.76805,-12.4,2013-04-05 09:40:00,3.21636,PZ
NRS,DAR20121208_2330,Darwin,130.76805,-12.4,2012-12-09 09:00:00,58.09384,PZ
NRS,DAR20170203_0330,Darwin,130.76805,-12.4,2017-02-03 13:00:00,27.05283,PZ
NRS,DAR20180209_0330,Darwin,130.76805,-12.4,2018-02-09 13:00:00,30.66773,PZ
NRS,DAR20180731_0630,Darwin,130.76805,-12.4,2018-07-31 16:00:00,25.93889,PZ
NRS,DAR20200922_0030,Darwin,130.76805,-12.4,2020-09-22 10:00:00,60.57207,PZ
NRS,DAR20180509,Darwin,130.76805,-12.4,2018-05-10 07:02:00,16.84171,PZ
NRS,DAR20121208_2000,Darwin,130.76805,-12.4,2012-12-09 05:30:00,53.57521,PZ
NRS,DAR20130617_1130,Darwin,130.76805,-12.4,2013-06-17 21:00:00,23.55495,PZ
NRS,DAR20130617_1830,Darwin,130.76805,-12.4,2013-06-18 04:00:00,19.49395,PZ
NRS,DAR20140117_1950,Darwin,130.76805,-12.4,2014-01-18 05:20:00,1.44399,Z
NRS,DAR20180209_0030,Darwin,130.76805,-12.4,2018-02-09 10:00:00,42.65144,PZ
NRS,DAR20170516,Darwin,130.76805,-12.4,2017-05-17 08:47:00,58.26603,PZ
NRS,DAR20170714_2130,Darwin,130.76805,-12.4,2017-07-15 07:00:00,123.14707,PZ
NRS,DAR20160723,Darwin,130.76805,-12.4,2016-07-24 08:00:00,25.98153,PZ
NRS,DAR20150804_0130,Darwin,130.76805,-12.4,2015-08-04 11:00:00,56.86027,Z
NRS,ESP20110512,Esperance,121.85,-33.93333,2011-05-12 10:10:00,14.11383,PZ
NRS,KAI20120215,Kangaroo Island,136.44733,-35.83217,2012-02-15 11:50:00,1.61256,PZ
NRS,KAI20090601,Kangaroo Island,136.44733,-35.83217,2009-06-02 08:00:00,,P
NRS,KAI20110718,Kangaroo Island,136.44733,-35.83217,2011-07-19 09:00:00,0.0106,Z
NRS,KAI20110123,Kangaroo Island,136.44733,-35.83217,2011-01-24 07:40:00,,P
NRS,KAI20110223,Kangaroo Island,136.44733,-35.83217,2011-02-23 10:30:00,0.27583,PZ
NRS,KAI20140313,Kangaroo Island,136.44733,-35.83217,2014-03-13 14:00:00,2.46127,PZ
NRS,KAI20100315,Kangaroo Island,136.44733,-35.83217,2010-03-16 06:00:00,,P
NRS,KAI20140122,Kangaroo Island,136.44733,-35.83217,2014-01-22 15:15:00,40.46962,PZ
NRS,KAI20111026,Kangaroo Island,136.44733,-35.83217,2011-10-26 14:40:00,0.5941,PZ
NRS,KAI20091007,Kangaroo Island,136.44733,-35.83217,2009-10-08 06:00:00,,P
NRS,KAI20151116,Kangaroo Island,136.44733,-35.83217,2015-11-17 09:50:00,6.52097,FPZ
NRS,MAI20091013,Maria Island,148.23333,-42.59667,2009-10-13 11:00:00,10.30836,PZ
NRS,MAI20120820,Maria Island,148.23333,-42.59667,2012-08-20 11:15:00,1.94939,PZ
NRS,MAI20170601,Maria Island,148.23333,-42.59667,2017-06-02 09:00:00,11.73114,FPZ
NRS,MAI20170921,Maria Island,148.23333,-42.59667,2017-09-22 09:15:00,14.25371,PZ
NRS,MAI20191210,Maria Island,148.23333,-42.59667,2019-12-11 09:30:00,9.58106,FPZ
NRS,MAI20201020,Maria Island,148.23333,-42.59667,2020-10-21 10:10:00,22.48626,PZ
NRS,MAI20100120,Maria Island,148.23333,-42.59667,2010-01-21 10:50:00,7.67381,PZ
NRS,MAI20150526,Maria Island,148.23333,-42.59667,2015-05-26 10:35:00,0.70726,FPZ
NRS,MAI20140703,Maria Island,148.23333,-42.59667,2014-07-03 11:30:00,0.70254,PZ
NRS,MAI20110812,Maria Island,148.23333,-42.59667,2011-08-12 10:55:00,0.65421,PZ
NRS,MAI20090506,Maria Island,148.23333,-42.59667,2009-05-06 11:20:00,4.04466,PZ
NRS,MAI20170104,Maria Island,148.23333,-42.59667,2017-01-05 09:45:00,10.92486,FPZ
NRS,MAI20151118,Maria Island,148.23333,-42.59667,2015-11-19 10:45:00,24.51847,FPZ
NRS,MAI20180605,Maria Island,148.23333,-42.59667,2018-06-06 09:30:00,17.10634,PZ
NRS,MAI20141029,Maria Island,148.23333,-42.59667,2014-10-30 09:27:00,11.66984,PZ
NRS,NIN20130509,Ningaloo,113.779,-21.99,2013-05-09 10:20:00,13.16924,PZ
NRS,NIN20110706,Ningaloo,113.779,-21.99,2011-07-06 11:04:00,10.22703,PZ
NRS,NIN20120226,Ningaloo,113.779,-21.99,2012-02-26 09:54:00,26.25362,PZ
NRS,NIN20120509,Ningaloo,113.779,-21.99,2012-05-09 10:50:00,25.84341,PZ
NRS,NSI20090819,North Stradbroke,153.562,-27.345,2009-08-20 08:45:00,52.6847,Z
NRS,NSI20110606,North Stradbroke,153.562,-27.345,2011-06-06 10:00:00,5.58095,PZ
NRS,NSI20110727,North Stradbroke,153.562,-27.345,2011-07-28 09:30:00,6.35251,PZ
NRS,NSI20120620,North Stradbroke,153.562,-27.345,2012-06-20 10:20:00,7.7156,PZ
NRS,NSI20131212,North Stradbroke,153.562,-27.345,2013-12-12 10:20:00,11.07831,PZ
NRS,NSI20161116,North Stradbroke,153.562,-27.345,2016-11-16 10:15:00,13.11009,FPZ
NRS,NSI20180302,North Stradbroke,153.562,-27.345,2018-03-02 10:25:00,10.2939,FPZ
NRS,NSI20181115,North Stradbroke,153.562,-27.345,2018-11-15 10:40:00,15.10007,FPZ
NRS,NSI20190118,North Stradbroke,153.562,-27.345,2019-01-18 10:40:00,15.28396,FPZ
NRS,NSI20190527,North Stradbroke,153.562,-27.345,2019-05-27 10:15:00,13.87522,FPZ
NRS,NSI20130123,North Stradbroke,153.562,-27.345,2013-01-23 10:15:00,11.32264,PZ
NRS,NSI20141223,North Stradbroke,153.562,-27.345,2014-12-23 10:35:00,10.52536,FPZ
NRS,NSI20140901,North Stradbroke,153.562,-27.345,2014-09-01 10:10:00,9.233,PZ
NRS,NSI20160120,North Stradbroke,153.562,-27.345,2016-01-20 10:30:00,10.80827,FPZ
NRS,NSI20130111,North Stradbroke,153.562,-27.345,2013-01-11 10:40:00,14.47318,PZ
NRS,NSI20171023,North Stradbroke,153.562,-27.345,2017-10-23 10:25:00,11.76886,FPZ
NRS,NSI20171219,North Stradbroke,153.562,-27.345,2017-12-19 10:45:00,8.28141,FPZ
NRS,PH420020729,Port Hacking 4,151.21815,-34.11758,2002-07-29 00:00:00,,Z
NRS,PH420021021,Port Hacking 4,151.21815,-34.11758,2002-10-21 00:00:00,,Z
NRS,PH420030530,Port Hacking 4,151.21815,-34.11758,2003-05-30 00:00:00,,Z
NRS,PH420030818,Port Hacking 4,151.21815,-34.11758,2003-08-18 00:00:00,,Z
NRS,PH420031114,Port Hacking 4,151.21815,-34.11758,2003-11-14 00:00:00,,Z
NRS,PH420040823,Port Hacking 4,151.21815,-34.11758,2004-08-23 00:00:00,,Z
NRS,PH420040914,Port Hacking 4,151.21815,-34.11758,2004-09-14 00:00:00,,Z
NRS,PH420041222,Port Hacking 4,151.21815,-34.11758,2004-12-22 00:00:00,,Z
NRS,PH420060614,Port Hacking 4,151.21815,-34.11758,2006-06-14 00:00:00,,Z
NRS,PH420061213,Port Hacking 4,151.21815,-34.11758,2006-12-13 00:00:00,,Z
NRS,PH420080529,Port Hacking 4,151.21815,-34.11758,2008-05-29 00:00:00,,Z
NRS,PH420080620,Port Hacking 4,151.21815,-34.11758,2008-06-20 00:00:00,,Z
NRS,PH420090119,Port Hacking 4,151.21815,-34.11758,2009-01-20 09:00:00,,Z
NRS,PHB20091206,Port Hacking,151.22667,-34.11923,2009-12-07 09:14:00,65.55979,PZ
NRS,PHB20100817,Port Hacking,151.22667,-34.11923,2010-08-18 09:30:00,66.4368,PZ
NRS,PHB20101013,Port Hacking,151.22667,-34.11923,2010-10-14 10:18:00,,P
NRS,PHB20101019,Port Hacking,151.22667,-34.11923,2010-10-20 10:40:00,,P
NRS,PHB20130227,Port Hacking,151.22667,-34.11923,2013-02-28 08:03:00,1.79998,PZ
NRS,PHB20141021,Port Hacking,151.22667,-34.11923,2014-10-22 09:30:00,8.0239,FPZ
NRS,PHB20150630,Port Hacking,151.22667,-34.11923,2015-06-30 11:11:00,2.95636,FPZ
NRS,PHB20150819,Port Hacking,151.22667,-34.11923,2015-08-19 10:03:00,4.91194,FPZ
NRS,PHB20160502,Port Hacking,151.22667,-34.11923,2016-05-03 09:14:00,3.88994,FPZ
NRS,PHB20171024,Port Hacking,151.22667,-34.11923,2017-10-25 09:01:00,8.19718,FPZ
NRS,PHB20180326,Port Hacking,151.22667,-34.11923,2018-03-27 09:40:00,9.32173,FPZ
NRS,PHB20180927,Port Hacking,151.22667,-34.11923,2018-09-27 10:43:00,12.41601,FPZ
NRS,PHB20190408,Port Hacking,151.22667,-34.11923,2019-04-09 08:50:00,11.1005,FPZ
NRS,PHB20191118,Port Hacking,151.22667,-34.11923,2019-11-19 09:15:00,7.86123,FPZ
NRS,PHB20200609,Port Hacking,151.22667,-34.11923,2020-06-10 09:32:00,4.45222,PZ
NRS,PHB20121218,Port Hacking,151.22667,-34.11923,2012-12-19 09:31:00,2.48249,PZ
NRS,PHB20181120,Port Hacking,151.22667,-34.11923,2018-11-21 09:24:00,4.81292,FPZ
NRS,PHB20160229,Port Hacking,151.22667,-34.11923,2016-03-01 09:00:00,11.22427,FPZ
NRS,PHB20140120,Port Hacking,151.22667,-34.11923,2014-01-21 09:43:00,4.40034,PZ
NRS,PHB20200812,Port Hacking,151.22667,-34.11923,2020-08-13 09:55:00,3.38369,PZ
NRS,PHB20160719,Port Hacking,151.22667,-34.11923,2016-07-19 10:19:00,6.17087,FPZ
NRS,ROT20091026,Rottnest Island,115.41667,-32,2009-10-26 09:53:00,11.3555,PZ
NRS,ROT20110622,Rottnest Island,115.41667,-32,2011-06-22 10:00:00,5.90958,PZ
NRS,ROT20110725,Rottnest Island,115.41667,-32,2011-07-25 10:20:00,14.71108,PZ
NRS,ROT20120329,Rottnest Island,115.41667,-32,2012-03-29 10:03:00,18.98609,PZ
NRS,ROT20130321,Rottnest Island,115.41667,-32,2013-03-21 11:34:00,12.08634,Z
NRS,ROT20140624,Rottnest Island,115.41667,-32,2014-06-24 13:16:00,16.49495,PZ
NRS,ROT20190306,Rottnest Island,115.41667,-32,2019-03-06 10:24:00,7.48913,FPZ
NRS,ROT20161024,Rottnest Island,115.41667,-32,2016-10-24 09:35:00,7.74846,FPZ
NRS,ROT20150924,Rottnest Island,115.41667,-32,2015-09-24 10:08:00,5.2416,PZ
NRS,ROT20150319,Rottnest Island,115.41667,-32,2015-03-19 11:47:00,7.34768,PZ
NRS,ROT20210121,Rottnest Island,115.41667,-32,2021-01-21 10:04:00,27.26108,PZ
NRS,ROT20170303,Rottnest Island,115.41667,-32,2017-03-03 10:30:00,14.10283,FPZ
NRS,ROT20190711,Rottnest Island,115.41667,-32,2019-07-11 09:26:00,13.73013,FPZ
NRS,ROT20140902,Rottnest Island,115.41667,-32,2014-09-02 11:55:00,11.26906,PZ
NRS,ROT20161004,Rottnest Island,115.41667,-32,2016-10-04 10:38:00,19.42617,FPZ
NRS,ROT20170331,Rottnest Island,115.41667,-32,2017-03-31 10:24:00,9.1237,FPZ
NRS,ROT20160621,Rottnest Island,115.41667,-32,2016-06-21 09:26:00,26.46737,FPZ
NRS,YON20120402,Yongala,147.61842,-19.30847,2012-04-02 10:44:00,28.03212,PZ
NRS,YON20120424,Yongala,147.61842,-19.30847,2012-04-24 10:50:00,24.04696,PZ
NRS,YON20120604,Yongala,147.61842,-19.30847,2012-06-04 10:30:00,13.60122,PZ
NRS,YON20130220,Yongala,147.61842,-19.30847,2013-02-20 10:42:00,11.95547,PZ
NRS,YON20180425,Yongala,147.61842,-19.30847,2018-04-26 09:48:00,12.19322,PZ
NRS,YON20181213,Yongala,147.61842,-19.30847,2018-12-13 10:30:00,12.27809,PZ
NRS,YON20210209,Yongala,147.61842,-19.30847,2021-02-09 11:46:00,,PZ
NRS,YON20210310,Yongala,147.61842,-19.30847,2021-03-10 10:05:00,,PZ
NRS,YON20150430,Yongala,147.61842,-19.30847,2015-04-30 12:10:00,6.59659,PZ
NRS,YON20150224,Yongala,147.61842,-19.30847,2015-02-24 10:40:00,32.96936,PZ
NRS,YON20190826,Yongala,147.61842,-19.30847,2019-08-26 10:40:00,9.68951,PZ
NRS,YON20140220,Yongala,147.61842,-19.30847,2014-02-20 10:48:00,12.49952,PZ
NRS,YON20160927,Yongala,147.61842,-19.30847,2016-09-27 10:33:00,11.69705,PZ
NRS,YON20110527,Yongala,147.61842,-19.30847,2011-05-27 10:50:00,14.4581,PZ
NRS,YON20200306,Yongala,147.61842,-19.30847,2020-03-06 10:25:00,53.98325,PZ
NRS,YON20170528,Yongala,147.61842,-19.30847,2017-05-29 08:11:00,17.97864,PZ
NRS,YON20200611,Yongala,147.61842,-19.30847,2020-06-12 09:09:00,40.80366,PZ
NRS,YON20200904,Yongala,147.61842,-19.30847,2020-09-04 11:11:00,12.90756,PZ
NWS,NWS_3.2,North West Shelf,120.6191,-18.1717,2015-01-20 00:10:01,,P
NWS,NWS_5.1,North West Shelf,120.6191,-18.1717,2015-01-22 01:16:00,,P
NWS,NWS_9.1,North West Shelf,120.6191,-18.1717,2015-01-22 10:57:00,,P
NWS,NWS_10.2,North West Shelf,120.6191,-18.1717,2015-01-23 00:00:01,,P
NWS,NWS_13.1,North West Shelf,120.6191,-18.1717,2015-01-23 10:00:00,,P
NWS,NWS_16.3,North West Shelf,120.6191,-18.1717,2015-01-24 07:08:00,,P
NWS,NWS_17.2,North West Shelf,120.6191,-18.1717,2015-01-24 10:02:00,,P
IIOE,IIOE20190531,International Indian Ocean Expedition,110,-18.5,2019-05-31 14:50:00,,PZ
IIOE,IIOE20190519,International Indian Ocean Expedition,110,-36.5,2019-05-19 16:10:00,,PZ
IIOE,IIOE20190602,International Indian Ocean Expedition,110,-15.498,2019-06-02 16:25:00,,PZ
IIOE,IIOE20190529,International Indian Ocean Expedition,110,-21.499,2019-05-29 16:30:00,,PZ
IIOE,IIOE20190518,International Indian Ocean Expedition,110,-37.997,2019-05-18 16:48:00,,PZ
IIOE,IIOE20190607,International Indian Ocean Expedition,111.184,-15.284,2019-06-07 18:14:00,,PZ
NRS Ichthyoplankton,NSF20160720,North Stradbroke Ichthyo 30m,153.5802,-27.3889,2016-07-20 10:30:00,,F
NRS Ichthyoplankton,NSF20170117,North Stradbroke Ichthyo 30m,153.5802,-27.3889,2017-01-17 10:30:00,,F
NRS Ichthyoplankton,NSF20180320,North Stradbroke Ichthyo 30m,153.5802,-27.3889,2018-03-20 10:40:00,,F
NRS Ichthyoplankton,NSF20180417,North Stradbroke Ichthyo 30m,153.5802,-27.3889,2018-04-17 10:15:00,,F
NRS Ichthyoplankton,NSF20180530,North Stradbroke Ichthyo 30m,153.5802,-27.3889,2018-05-30 10:20:00,,F
NRS Ichthyoplankton,NSF20180718,North Stradbroke Ichthyo 30m,153.5802,-27.3889,2018-07-18 10:20:00,,F
NRS Ichthyoplankton,PHA20170321,Port Hacking A,151.21667,-34.08333,2017-03-22 09:21:00,,F
NRS Ichthyoplankton,PHA20190121,Port Hacking A,151.21667,-34.08333,2019-01-22 09:43:00,,F
NRS Ichthyoplankton,PHA20191118,Port Hacking A,151.21667,-34.08333,2019-11-19 09:15:00,,F
NRS Ichthyoplankton,ROF20190527,Rottnest Island Ichthyo 34m,115.48333,-31.96666,2019-05-27 09:28:00,,F
NRS,DAR20130916,Darwin,130.76805,-12.4,2013-09-16 11:26:00,32.88775,PZ
NRS,DAR20120114_2130,Darwin,130.76805,-12.4,2012-01-15 07:00:00,39.12967,PZ
NRS,DAR20150203_0030,Darwin,130.76805,-12.4,2015-02-03 10:00:00,48.44755,Z
NRS,DAR20170715_0030,Darwin,130.76805,-12.4,2017-07-15 10:00:00,170.11654,PZ
NRS,DAR20160201_2130,Darwin,130.76805,-12.4,2016-02-02 07:00:00,20.39276,PZ
NRS,DAR20190723_0630,Darwin,130.76805,-12.4,2019-07-23 16:00:00,33.24138,PZ
NRS,DAR20111005,Darwin,130.76805,-12.4,2011-10-05 09:31:00,1.37523,PZ
NRS,DAR20150803_2230,Darwin,130.76805,-12.4,2015-08-04 08:00:00,30.58073,PZ
NRS,DAR20120729_2230,Darwin,130.76805,-12.4,2012-07-30 08:00:00,29.32068,PZ
NRS,ESP20111130,Esperance,121.85,-33.93333,2011-11-30 14:38:00,11.21405,PZ
NRS,ESP20120910,Esperance,121.85,-33.93333,2012-09-10 12:51:00,6.56183,PZ
NRS,ESP20121212,Esperance,121.85,-33.93333,2012-12-12 09:10:00,5.80741,PZ
NRS,ESP20090623,Esperance,121.85,-33.93333,2009-06-23 09:20:00,10.45178,PZ
NRS,KAI20180307,Kangaroo Island,136.44733,-35.83217,2018-03-07 12:20:00,15.54919,PZ
NRS,KAI20181204,Kangaroo Island,136.44733,-35.83217,2018-12-04 15:39:00,10.77869,FPZ
NRS,KAI20130506,Kangaroo Island,136.44733,-35.83217,2013-05-07 07:55:00,41.55527,PZ
NRS,KAI20180820,Kangaroo Island,136.44733,-35.83217,2018-08-21 08:00:00,21.02694,FPZ
NRS,KAI20100419,Kangaroo Island,136.44733,-35.83217,2010-04-20 07:00:00,0.96541,PZ
NRS,KAI20160525,Kangaroo Island,136.44733,-35.83217,2016-05-26 07:35:00,7.49427,PZ
NRS,MAI20120119,Maria Island,148.23333,-42.59667,2012-01-19 12:00:00,12.92524,PZ
NRS,MAI20121002,Maria Island,148.23333,-42.59667,2012-10-02 10:15:00,11.35158,PZ
NRS,MAI20121112,Maria Island,148.23333,-42.59667,2012-11-13 10:45:00,17.11135,PZ
NRS,MAI20130424,Maria Island,148.23333,-42.59667,2013-04-24 10:50:00,8.31689,PZ
NRS,MAI20170626,Maria Island,148.23333,-42.59667,2017-06-27 09:25:00,0.74969,PZ
NRS,MAI20191121,Maria Island,148.23333,-42.59667,2019-11-22 09:23:00,10.08557,FPZ
NRS,MAI20200909,Maria Island,148.23333,-42.59667,2020-09-10 09:00:00,6.37951,PZ
NRS,MAI20100330,Maria Island,148.23333,-42.59667,2010-03-30 11:40:00,7.06379,PZ
NRS,MAI20160303,Maria Island,148.23333,-42.59667,2016-03-04 10:15:00,9.8121,FPZ
NRS,MAI20090601,Maria Island,148.23333,-42.59667,2009-06-01 11:20:00,36.12348,PZ
NRS,MAI20171015,Maria Island,148.23333,-42.59667,2017-10-16 09:50:00,18.24268,PZ
NRS,MAI20171123,Maria Island,148.23333,-42.59667,2017-11-24 09:50:00,14.23957,FPZ
NRS,MAI20110531,Maria Island,148.23333,-42.59667,2011-05-31 11:38:00,2.0378,PZ
NRS,MAI20110725,Maria Island,148.23333,-42.59667,2011-07-25 12:15:00,0.25638,PZ
NRS,MAI20111026,Maria Island,148.23333,-42.59667,2011-10-26 11:00:00,14.92326,PZ
NRS,MAI20131117,Maria Island,148.23333,-42.59667,2013-11-18 10:50:00,8.51622,PZ
NRS,MAI20110328,Maria Island,148.23333,-42.59667,2011-03-29 10:30:00,8.9292,PZ
NRS,MAI20180711,Maria Island,148.23333,-42.59667,2018-07-12 08:40:00,6.27107,PZ
NRS,MAI20140915,Maria Island,148.23333,-42.59667,2014-09-16 09:20:00,21.9346,PZ
NRS,NIN20120827,Ningaloo,113.779,-21.99,2012-08-27 08:05:00,20.43991,PZ
NRS,NIN20121107,Ningaloo,113.779,-21.99,2012-11-07 12:00:00,8.19011,PZ
NRS,NSI20120511,North Stradbroke,153.562,-27.345,2012-05-11 10:05:00,12.21637,PZ
NRS,NSI20150528,North Stradbroke,153.562,-27.345,2015-05-28 10:15:00,9.39374,FPZ
NRS,NSI20160822,North Stradbroke,153.562,-27.345,2016-08-22 10:50:00,17.55942,FPZ
NRS,NSI20170516,North Stradbroke,153.562,-27.345,2017-05-16 10:20:00,10.49964,FPZ
NRS,NSI20180320,North Stradbroke,153.562,-27.345,2018-03-20 10:40:00,10.2939,FPZ
NRS,NSI20180417,North Stradbroke,153.562,-27.345,2018-04-17 10:15:00,9.41303,FPZ
NRS,NSI20190916,North Stradbroke,153.562,-27.345,2019-09-16 10:20:00,8.55788,FPZ
NRS,NSI20200917,North Stradbroke,153.562,-27.345,2020-09-17 10:20:00,15.78483,PZ
NRS,NSI20101115,North Stradbroke,153.562,-27.345,2010-11-16 09:30:00,32.59199,PZ
NRS,NSI20081030,North Stradbroke,153.562,-27.345,2008-10-30 10:30:00,12.36425,Z
NRS,NSI20180123,North Stradbroke,153.562,-27.345,2018-01-23 10:20:00,13.9138,FPZ
NRS,NSI20130326,North Stradbroke,153.562,-27.345,2013-03-26 11:10:00,8.80864,PZ
NRS,NSI20150731,North Stradbroke,153.562,-27.345,2015-07-31 10:15:00,14.05525,FPZ
NRS,NSI20130913,North Stradbroke,153.562,-27.345,2013-09-13 10:25:00,10.28201,PZ
NRS,PH420030319,Port Hacking 4,151.21815,-34.11758,2003-03-19 00:00:00,,Z
NRS,PH420030630,Port Hacking 4,151.21815,-34.11758,2003-06-30 00:00:00,,Z
NRS,PH420030911,Port Hacking 4,151.21815,-34.11758,2003-09-11 00:00:00,,Z
NRS,PH420060224,Port Hacking 4,151.21815,-34.11758,2006-02-24 00:00:00,,Z
NRS,PH420070219,Port Hacking 4,151.21815,-34.11758,2007-02-19 00:00:00,,Z
NRS,PH420070924,Port Hacking 4,151.21815,-34.11758,2007-09-24 00:00:00,,Z
NRS,PHB20110420,Port Hacking,151.22667,-34.11923,2011-04-21 09:36:00,0.60824,PZ
NRS,PHB20130514,Port Hacking,151.22667,-34.11923,2013-05-15 09:40:00,0.73226,PZ
NRS,PHB20140612,Port Hacking,151.22667,-34.11923,2014-06-13 09:20:00,11.32329,PZ
NRS,PHB20160615,Port Hacking,151.22667,-34.11923,2016-06-15 11:06:00,3.7591,FPZ
NRS,PHB20190121,Port Hacking,151.22667,-34.11923,2019-01-22 09:43:00,9.94412,FPZ
NRS,PHB20151115,Port Hacking,151.22667,-34.11923,2015-11-16 09:33:00,8.14414,FPZ
NRS,PHB20170517,Port Hacking,151.22667,-34.11923,2017-05-18 09:45:00,5.27265,FPZ
NRS,PHB20130725,Port Hacking,151.22667,-34.11923,2013-07-26 09:24:00,3.90055,PZ
NRS,PHB20090518,Port Hacking,151.22667,-34.11923,2009-05-19 09:25:00,44.25701,PZ
NRS,PHB20130826,Port Hacking,151.22667,-34.11923,2013-08-27 09:30:00,14.99107,PZ
NRS,PHB20150225,Port Hacking,151.22667,-34.11923,2015-02-26 09:37:00,7.26713,PZ
NRS,PHB20150330,Port Hacking,151.22667,-34.11923,2015-03-31 09:32:00,4.85341,PZ
NRS,ROT20100820,Rottnest Island,115.41667,-32,2010-08-20 14:30:00,20.92714,PZ
NRS,ROT20101215,Rottnest Island,115.41667,-32,2010-12-15 10:20:00,5.6974,PZ
NRS,ROT20140227,Rottnest Island,115.41667,-32,2014-02-27 12:39:00,22.25522,PZ
NRS,ROT20201127,Rottnest Island,115.41667,-32,2020-11-27 09:05:00,6.66595,PZ
NRS,ROT20170626,Rottnest Island,115.41667,-32,2017-06-26 09:46:00,13.58731,FPZ
NRS,ROT20110125,Rottnest Island,115.41667,-32,2011-01-25 09:10:00,4.51077,PZ
NRS,ROT20111122,Rottnest Island,115.41667,-32,2011-11-22 15:08:00,9.37517,PZ
NRS,ROT20120130,Rottnest Island,115.41667,-32,2012-01-30 11:09:00,13.79949,PZ
NRS,ROT20130423,Rottnest Island,115.41667,-32,2013-04-23 10:38:00,6.64827,PZ
NRS,ROT20200605,Rottnest Island,115.41667,-32,2020-06-05 09:13:00,16.44387,PZ
NRS,ROT20150224,Rottnest Island,115.41667,-32,2015-02-24 10:17:00,12.77003,PZ
NRS,ROT20191126,Rottnest Island,115.41667,-32,2019-11-26 09:30:00,6.68364,PZ
NRS,ROT20170120,Rottnest Island,115.41667,-32,2017-01-20 10:20:00,10.83527,FPZ
NRS,ROT20130712,Rottnest Island,115.41667,-32,2013-07-12 12:35:00,12.44783,PZ
NRS,ROT20131122,Rottnest Island,115.41667,-32,2013-11-22 10:26:00,9.98813,PZ
NRS,YON20120208,Yongala,147.61842,-19.30847,2012-02-08 10:49:00,39.13071,PZ
NRS,YON20131205,Yongala,147.61842,-19.30847,2013-12-05 11:26:00,191.84525,PZ
NRS,YON20160321,Yongala,147.61842,-19.30847,2016-03-21 10:31:00,16.68356,PZ
NRS,YON20170426,Yongala,147.61842,-19.30847,2017-04-26 10:20:00,29.87481,PZ
NRS,YON20171130,Yongala,147.61842,-19.30847,2017-11-30 10:34:00,9.90169,PZ
NRS,YON20180220,Yongala,147.61842,-19.30847,2018-02-20 10:30:00,21.32671,PZ
NRS,YON20200116,Yongala,147.61842,-19.30847,2020-01-16 10:05:00,10.50014,PZ
NRS,YON20200710,Yongala,147.61842,-19.30847,2020-07-11 09:25:00,7.91591,PZ
NRS,YON20201120,Yongala,147.61842,-19.30847,2020-11-20 11:30:00,8.00976,PZ
NRS,YON20160624,Yongala,147.61842,-19.30847,2016-06-24 10:00:00,12.20029,PZ
NRS,YON20140317,Yongala,147.61842,-19.30847,2014-03-17 14:07:00,25.80152,PZ
NRS,YON20190528,Yongala,147.61842,-19.30847,2019-05-28 10:25:00,23.97623,PZ
NRS,YON20130912,Yongala,147.61842,-19.30847,2013-09-12 11:26:00,50.33812,PZ
NRS,YON20100224,Yongala,147.61842,-19.30847,2010-02-24 10:58:00,35.6488,PZ
NRS,YON20100817,Yongala,147.61842,-19.30847,2010-08-17 10:15:00,7.41266,PZ
NRS,YON20110118,Yongala,147.61842,-19.30847,2011-01-18 11:30:00,28.60337,PZ
NRS,YON20160823,Yongala,147.61842,-19.30847,2016-08-23 10:19:00,13.34279,PZ
NRS,YON20171025,Yongala,147.61842,-19.30847,2017-10-26 09:56:00,17.73599,PZ
NRS,YON20160725,Yongala,147.61842,-19.30847,2016-07-25 10:25:00,12.14589,PZ
NRS,YON20201026,Yongala,147.61842,-19.30847,2020-10-26 10:40:00,13.29655,PZ
NRS,YON20160215,Yongala,147.61842,-19.30847,2016-02-15 10:18:00,32.2757,PZ
NRS,YON20181123,Yongala,147.61842,-19.30847,2018-11-23 10:05:00,18.65761,PZ
NRS,YON20181011,Yongala,147.61842,-19.30847,2018-10-11 10:54:00,20.98804,PZ
NRS,YON20180720,Yongala,147.61842,-19.30847,2018-07-20 10:56:00,16.81519,PZ
NWS,NWS_4.1,North West Shelf,120.6191,-18.1717,2015-01-21 00:15:00,,P
NWS,NWS_6.3,North West Shelf,120.6191,-18.1717,2015-01-22 03:31:01,,P
NWS,NWS_9.2,North West Shelf,120.6191,-18.1717,2015-01-22 10:57:01,,P
NWS,NWS_10.1,North West Shelf,120.6191,-18.1717,2015-01-23 00:00:00,,P
IIOE,IIOE20190524,International Indian Ocean Expedition,110,-29,2019-05-24 16:28:00,,PZ
IIOE,IIOE20190525,International Indian Ocean Expedition,110,-27.5,2019-05-25 16:26:00,,PZ
IIOE,IIOE20190521,International Indian Ocean Expedition,110,-33.5,2019-05-21 15:49:00,,PZ
IIOE,IIOE20190526,International Indian Ocean Expedition,110,-26.003,2019-05-26 16:25:00,,PZ
SOTS,SOTS20120718,Southern Ocean Time Series,142.25826,-46.93473,2012-07-18 13:30:00,,Z
SOTS,SOTS20120722,Southern Ocean Time Series,142.25826,-46.93473,2012-07-23 00:30:00,,Z
NRS Ichthyoplankton,NSF20170217,North Stradbroke Ichthyo 30m,153.5802,-27.3889,2017-02-17 10:30:00,,F
NRS Ichthyoplankton,NSF20180817,North Stradbroke Ichthyo 30m,153.5802,-27.3889,2018-08-17 10:20:00,,F
NRS Ichthyoplankton,NSF20190118,North Stradbroke Ichthyo 30m,153.5802,-27.3889,2019-01-18 10:40:00,,F
NRS Ichthyoplankton,NSF20190322,North Stradbroke Ichthyo 30m,153.5802,-27.3889,2019-03-22 10:50:00,,F
NRS Ichthyoplankton,NSF20190527,North Stradbroke Ichthyo 30m,153.5802,-27.3889,2019-05-27 10:15:00,,F
NRS Ichthyoplankton,NSF20190618,North Stradbroke Ichthyo 30m,153.5802,-27.3889,2019-06-18 10:00:00,,F
NRS Ichthyoplankton,NSF20190821,North Stradbroke Ichthyo 30m,153.5802,-27.3889,2019-08-21 10:40:00,,F
NRS Ichthyoplankton,NSF20190916,North Stradbroke Ichthyo 30m,153.5802,-27.3889,2019-09-16 10:20:00,,F
NRS Ichthyoplankton,PHA20160229,Port Hacking A,151.21667,-34.08333,2016-03-01 09:00:00,,F
NRS Ichthyoplankton,PHA20161030,Port Hacking A,151.21667,-34.08333,2016-10-31 09:35:00,,F
NRS Ichthyoplankton,PHA20180221,Port Hacking A,151.21667,-34.08333,2018-02-22 09:18:00,,F
NRS,DAR20140906_0030,Darwin,130.76805,-12.4,2014-09-06 10:00:00,43.22345,Z
NRS,DAR20150203_0330,Darwin,130.76805,-12.4,2015-02-03 13:00:00,26.79564,Z
NRS,DAR20200922_0630,Darwin,130.76805,-12.4,2020-09-22 16:00:00,116.2034,PZ
NRS,DAR20190214_0630,Darwin,130.76805,-12.4,2019-02-14 16:00:00,8.17513,PZ
NRS,DAR20130617_1500,Darwin,130.76805,-12.4,2013-06-18 00:30:00,23.69333,PZ
NRS,DAR20190722_2130,Darwin,130.76805,-12.4,2019-07-23 07:00:00,52.76691,PZ
NRS,DAR20150803_1932,Darwin,130.76805,-12.4,2015-08-04 05:02:00,60.0732,Z
NRS,DAR20120114_2335,Darwin,130.76805,-12.4,2012-01-15 09:05:00,26.32359,PZ
NRS,DAR20170202_2130,Darwin,130.76805,-12.4,2017-02-03 07:00:00,56.44356,PZ
NRS,DAR20140906_0630,Darwin,130.76805,-12.4,2014-09-06 16:00:00,32.76988,Z
NRS,DAR20150804_0430,Darwin,130.76805,-12.4,2015-08-04 14:00:00,20.51064,Z
NRS,ESP20120612,Esperance,121.85,-33.93333,2012-06-12 09:24:00,9.70522,PZ
NRS,ESP20110120,Esperance,121.85,-33.93333,2011-01-20 08:50:00,3.66205,PZ
NRS,ESP20091216,Esperance,121.85,-33.93333,2009-12-16 09:45:00,7.3241,PZ
NRS,KAI20130827,Kangaroo Island,136.44733,-35.83217,2013-08-28 08:55:00,1.71865,PZ
NRS,KAI20161118,Kangaroo Island,136.44733,-35.83217,2016-11-18 12:45:00,11.22427,FPZ
NRS,KAI20191127,Kangaroo Island,136.44733,-35.83217,2019-11-27 14:25:00,9.37477,FPZ
NRS,KAI20111219,Kangaroo Island,136.44733,-35.83217,2011-12-20 09:30:00,0.3996,PZ
NRS,KAI20091215,Kangaroo Island,136.44733,-35.83217,2009-12-16 07:15:00,0.76738,PZ
NRS,KAI20100112,Kangaroo Island,136.44733,-35.83217,2010-01-13 07:00:00,12.34528,PZ
NRS,KAI20150224,Kangaroo Island,136.44733,-35.83217,2015-02-25 08:55:00,9.69304,FPZ
NRS,KAI20091115,Kangaroo Island,136.44733,-35.83217,2009-11-16 08:30:00,3.18268,PZ
NRS,KAI20170908,Kangaroo Island,136.44733,-35.83217,2017-09-08 15:00:00,8.16535,FPZ
NRS,KAI20160223,Kangaroo Island,136.44733,-35.83217,2016-02-24 07:55:00,14.23721,PZ
NRS,KAI20170315,Kangaroo Island,136.44733,-35.83217,2017-03-15 12:27:00,33.89914,FPZ
NRS,KAI20201123,Kangaroo Island,136.44733,-35.83217,2020-11-24 06:55:00,13.57592,PZ
NRS,KAI20200204,Kangaroo Island,136.44733,-35.83217,2020-02-04 14:25:00,12.02701,PZ
NRS,MAI20140122,Maria Island,148.23333,-42.59667,2014-01-23 10:50:00,20.30318,Z
NRS,MAI20140408,Maria Island,148.23333,-42.59667,2014-04-08 11:03:00,4.68447,PZ
NRS,MAI20170323,Maria Island,148.23333,-42.59667,2017-03-24 09:30:00,8.88323,FPZ
NRS,MAI20170412,Maria Island,148.23333,-42.59667,2017-04-12 10:15:00,10.2506,FPZ
NRS,MAI20181018,Maria Island,148.23333,-42.59667,2018-10-19 08:45:00,3.50331,FPZ
NRS,MAI20160831,Maria Island,148.23333,-42.59667,2016-08-31 10:26:00,2.88563,FPZ
NRS,MAI20091111,Maria Island,148.23333,-42.59667,2009-11-11 11:30:00,32.52086,PZ
NRS,MAI20140516,Maria Island,148.23333,-42.59667,2014-05-16 10:20:00,7.83501,PZ
NRS,MAI20140619,Maria Island,148.23333,-42.59667,2014-06-19 11:30:00,1.29193,PZ
NRS,MAI20150312,Maria Island,148.23333,-42.59667,2015-03-13 09:33:00,1.3768,PZ
NRS,MAI20171217,Maria Island,148.23333,-42.59667,2017-12-18 09:40:00,13.98024,FPZ
NRS,MAI20130214,Maria Island,148.23333,-42.59667,2013-02-14 11:00:00,9.89238,PZ
NRS,MAI20150811,Maria Island,148.23333,-42.59667,2015-08-12 09:35:00,1.36737,FPZ
NRS,MAI20130313,Maria Island,148.23333,-42.59667,2013-03-14 10:00:00,4.51764,PZ
NRS,MAI20180301,Maria Island,148.23333,-42.59667,2018-03-02 09:30:00,28.73376,FPZ
NRS,NSI20091006,North Stradbroke,153.562,-27.345,2009-10-07 09:07:00,38.4237,PZ
NRS,NSI20091021,North Stradbroke,153.562,-27.345,2009-10-22 09:20:00,19.10254,PZ
NRS,NSI20110323,North Stradbroke,153.562,-27.345,2011-03-23 10:20:00,6.17891,PZ
NRS,NSI20110915,North Stradbroke,153.562,-27.345,2011-09-15 11:10:00,9.29087,PZ
NRS,NSI20150907,North Stradbroke,153.562,-27.345,2015-09-07 10:40:00,13.75306,FPZ
NRS,NSI20160920,North Stradbroke,153.562,-27.345,2016-09-20 10:15:00,10.52536,FPZ
NRS,NSI20200228,North Stradbroke,153.562,-27.345,2020-02-28 10:30:00,10.6861,FPZ
NRS,NSI20201116,North Stradbroke,153.562,-27.345,2020-11-16 10:10:00,25.98229,PZ
NRS,NSI20100817,North Stradbroke,153.562,-27.345,2010-08-18 08:25:00,17.76517,PZ
NRS,NSI20101018,North Stradbroke,153.562,-27.345,2010-10-18 10:00:00,25.14643,PZ
NRS,NSI20080929,North Stradbroke,153.562,-27.345,2008-09-29 10:30:00,13.02007,Z
NRS,NSI20150119,North Stradbroke,153.562,-27.345,2015-01-19 10:35:00,12.58286,FPZ
NRS,NSI20160318,North Stradbroke,153.562,-27.345,2016-03-18 10:30:00,14.54391,FPZ
NRS,NSI20111220,North Stradbroke,153.562,-27.345,2011-12-21 09:15:00,6.10818,PZ
NRS,NSI20130520,North Stradbroke,153.562,-27.345,2013-05-20 10:05:00,11.20691,PZ
NRS,NSI20131121,North Stradbroke,153.562,-27.345,2013-11-22 09:55:00,14.64035,PZ
NRS,NSI20140917,North Stradbroke,153.562,-27.345,2014-09-17 10:30:00,20.42062,FPZ
NRS,NSI20120229,North Stradbroke,153.562,-27.345,2012-03-01 09:45:00,9.09155,PZ
NRS,NSI20120821,North Stradbroke,153.562,-27.345,2012-08-21 10:15:00,14.00381,PZ
NRS,PH420030721,Port Hacking 4,151.21815,-34.11758,2003-07-21 00:00:00,,Z
NRS,PH420040625,Port Hacking 4,151.21815,-34.11758,2004-06-25 00:00:00,,Z
NRS,PH420050131,Port Hacking 4,151.21815,-34.11758,2005-01-31 00:00:00,,Z
NRS,PH420050414,Port Hacking 4,151.21815,-34.11758,2005-04-14 00:00:00,,Z
NRS,PH420050706,Port Hacking 4,151.21815,-34.11758,2005-07-06 00:00:00,,Z
NRS,PH420070703,Port Hacking 4,151.21815,-34.11758,2007-07-03 00:00:00,,Z
NRS,PH420071128,Port Hacking 4,151.21815,-34.11758,2007-11-28 00:00:00,,Z
NRS,PH420080130,Port Hacking 4,151.21815,-34.11758,2008-01-30 00:00:00,,Z
NRS,PH420080219,Port Hacking 4,151.21815,-34.11758,2008-02-19 00:00:00,,Z
NRS,PH420080318,Port Hacking 4,151.21815,-34.11758,2008-03-18 00:00:00,,Z
NRS,PHB20090422,Port Hacking,151.22667,-34.11923,2009-04-23 09:38:00,39.05509,PZ
NRS,PHB20090623,Port Hacking,151.22667,-34.11923,2009-06-24 09:10:00,3.38425,PZ
NRS,PHB20090714,Port Hacking,151.22667,-34.11923,2009-07-15 09:15:00,2.75832,PZ
NRS,PHB20100609,Port Hacking,151.22667,-34.11923,2010-06-09 10:53:00,9.82035,Z
NRS,PHB20101110,Port Hacking,151.22667,-34.11923,2010-11-11 09:10:00,10.41799,PZ
NRS,PHB20160201,Port Hacking,151.22667,-34.11923,2016-02-02 10:52:00,7.62076,FPZ
NRS,PHB20170821,Port Hacking,151.22667,-34.11923,2017-08-22 09:50:00,13.63604,FPZ
NRS,PHB20180724,Port Hacking,151.22667,-34.11923,2018-07-25 09:33:00,6.05417,FPZ
NRS,PHB20190522,Port Hacking,151.22667,-34.11923,2019-05-23 08:50:00,8.25498,FPZ
NRS,PHB20190923,Port Hacking,151.22667,-34.11923,2019-09-24 09:36:00,15.64467,FPZ
NRS,PHB20131202,Port Hacking,151.22667,-34.11923,2013-12-03 09:30:00,3.12964,PZ
NRS,PHB20130611,Port Hacking,151.22667,-34.11923,2013-06-12 09:55:00,,PZ
NRS,PHB20140317,Port Hacking,151.22667,-34.11923,2014-03-18 09:48:00,4.66508,PZ
NRS,PHB20110203,Port Hacking,151.22667,-34.11923,2011-02-04 09:58:00,10.64431,PZ
NRS,PHB20190626,Port Hacking,151.22667,-34.11923,2019-06-27 09:38:00,1.57366,FPZ
NRS,ROT20100723,Rottnest Island,115.41667,-32,2010-07-23 12:02:00,4.55792,PZ
NRS,ROT20110923,Rottnest Island,115.41667,-32,2011-09-23 09:40:00,7.52056,PZ
NRS,ROT20171214,Rottnest Island,115.41667,-32,2017-12-14 09:37:00,20.10986,FPZ
NRS,ROT20180921,Rottnest Island,115.41667,-32,2018-09-21 09:27:00,4.99799,FPZ
NRS,ROT20160223,Rottnest Island,115.41667,-32,2016-02-23 08:57:00,8.02351,FPZ
NRS,ROT20110826,Rottnest Island,115.41667,-32,2011-08-26 09:43:00,8.27498,PZ
NRS,ROT20120523,Rottnest Island,115.41667,-32,2012-05-23 12:22:00,15.18259,PZ
NRS,ROT20130221,Rottnest Island,115.41667,-32,2013-02-21 12:55:00,16.02344,PZ
NRS,ROT20121019,Rottnest Island,115.41667,-32,2012-10-19 09:54:00,13.86236,PZ
NRS,ROT20171103,Rottnest Island,115.41667,-32,2017-11-03 09:25:00,14.20813,FPZ
NRS,ROT20190527,Rottnest Island,115.41667,-32,2019-05-27 09:28:00,11.15118,FPZ
NRS,YON20120112,Yongala,147.61842,-19.30847,2012-01-12 11:30:00,17.31435,PZ
NRS,YON20130416,Yongala,147.61842,-19.30847,2013-04-16 11:35:00,32.22129,PZ
NRS,YON20130515,Yongala,147.61842,-19.30847,2013-05-15 10:30:00,26.54958,PZ
NRS,YON20130808,Yongala,147.61842,-19.30847,2013-08-08 10:58:00,9.79288,PZ
NRS,YON20140122,Yongala,147.61842,-19.30847,2014-01-22 10:00:00,9.35764,PZ
NRS,YON20190213,Yongala,147.61842,-19.30847,2019-02-13 10:26:00,15.33347,PZ
NRS,YON20191107,Yongala,147.61842,-19.30847,2019-11-07 10:10:00,31.19032,PZ
NRS,YON20160601,Yongala,147.61842,-19.30847,2016-06-01 10:46:00,26.38637,PZ
NRS,YON20160122,Yongala,147.61842,-19.30847,2016-01-22 10:39:00,25.36628,PZ
NRS,YON20110323,Yongala,147.61842,-19.30847,2011-03-23 10:49:00,19.34093,PZ
NRS,YON20110616,Yongala,147.61842,-19.30847,2011-06-16 11:25:00,16.96072,PZ
NRS,YON20180329,Yongala,147.61842,-19.30847,2018-03-29 10:27:00,24.19657,PZ
NRS,YON20150618,Yongala,147.61842,-19.30847,2015-06-18 10:55:00,17.24635,PZ
NRS,YON20150804,Yongala,147.61842,-19.30847,2015-08-04 11:45:00,3.85851,PZ
NRS,YON20131015,Yongala,147.61842,-19.30847,2013-10-15 11:40:00,50.56934,PZ
NRS,YON20200802,Yongala,147.61842,-19.30847,2020-08-03 09:15:00,2.99226,PZ
NRS,YON20180817,Yongala,147.61842,-19.30847,2018-08-17 10:23:00,21.81908,PZ
NRS,YON20150601,Yongala,147.61842,-19.30847,2015-06-01 12:55:00,10.48654,PZ
NRS,YON20140717,Yongala,147.61842,-19.30847,2014-07-17 10:28:00,2.40061,PZ
NWS,NWS_1.1,North West Shelf,120.6191,-18.1717,2015-01-18 00:11:00,,P
NWS,NWS_3.3,North West Shelf,120.6191,-18.1717,2015-01-20 00:10:02,,P
NWS,NWS_6.1,North West Shelf,120.6191,-18.1717,2015-01-22 01:16:02,,P
NWS,NWS_8.2,North West Shelf,120.6191,-18.1717,2015-01-22 10:04:01,,P
NWS,NWS_11.1,North West Shelf,120.6191,-18.1717,2015-01-23 00:00:02,,P
NWS,NWS_15.2,North West Shelf,120.6191,-18.1717,2015-01-24 01:34:01,,P
NWS,NWS_16.2,North West Shelf,120.6191,-18.1717,2015-01-24 04:04:01,,P
NWS,NWS_18.1,North West Shelf,120.6191,-18.1717,2015-01-24 10:02:01,,P
NWS,NWS_18.2,North West Shelf,120.6191,-18.1717,2015-01-24 22:04:00,,P
NWS,NWS_19.1,North West Shelf,120.6191,-18.1717,2015-01-24 22:04:01,,P
NWS,NWS_19.2,North West Shelf,120.6191,-18.1717,2015-01-24 22:04:02,,P
IIOE,IIOE20190605,International Indian Ocean Expedition,110,-11.499,2019-06-05 16:26:00,,PZ
NRS Ichthyoplankton,NSF20160623,North Stradbroke Ichthyo 30m,153.5802,-27.3889,2016-06-23 10:30:00,,F
NRS Ichthyoplankton,NSF20161019,North Stradbroke Ichthyo 30m,153.5802,-27.3889,2016-10-20 09:40:00,,F
NRS Ichthyoplankton,NSF20171116,North Stradbroke Ichthyo 30m,153.5802,-27.3889,2017-11-16 10:30:00,,F
NRS Ichthyoplankton,NSF20191024,North Stradbroke Ichthyo 30m,153.5802,-27.3889,2019-10-24 10:20:00,,F
NRS Ichthyoplankton,NSF20200528,North Stradbroke Ichthyo 30m,153.5802,-27.3889,2020-05-28 11:00:00,,F
NRS Ichthyoplankton,PHA20141021,Port Hacking A,151.21667,-34.08333,2014-10-22 09:30:00,,F
NRS Ichthyoplankton,PHA20150630,Port Hacking A,151.21667,-34.08333,2015-06-30 11:11:00,,F
NRS Ichthyoplankton,PHA20151013,Port Hacking A,151.21667,-34.08333,2015-10-14 09:42:00,,F
NRS Ichthyoplankton,PHA20160615,Port Hacking A,151.21667,-34.08333,2016-06-15 11:06:00,,F
NRS Ichthyoplankton,PHA20190626,Port Hacking A,151.21667,-34.08333,2019-06-27 09:38:00,,F
NRS,DAR20190529,Darwin,130.76805,-12.4,2019-05-30 08:39:00,93.93976,PZ
NRS,DAR20190214_0030,Darwin,130.76805,-12.4,2019-02-14 10:00:00,10.15131,PZ
NRS,DAR20200204_0630,Darwin,130.76805,-12.4,2020-02-04 16:01:00,77.48696,PZ
NRS,DAR20200203_2130,Darwin,130.76805,-12.4,2020-02-04 07:00:00,60.1174,PZ
NRS,DAR20181030,Darwin,130.76805,-12.4,2018-10-31 08:26:00,,P
NRS,DAR20121208_1630,Darwin,130.76805,-12.4,2012-12-09 02:00:00,60.47103,PZ
NRS,DAR20150316,Darwin,130.76805,-12.4,2015-03-17 08:35:00,36.84401,PZ
NRS,DAR20160724_0430,Darwin,130.76805,-12.4,2016-07-24 14:00:00,27.8485,PZ
NRS,DAR20190723_0030,Darwin,130.76805,-12.4,2019-07-23 10:00:00,74.98762,PZ
NRS,DAR20190723_0330,Darwin,130.76805,-12.4,2019-07-23 13:00:00,44.43279,PZ
NRS,DAR20140906_0330,Darwin,130.76805,-12.4,2014-09-06 13:00:00,30.50458,Z
NRS,DAR20130617_0800,Darwin,130.76805,-12.4,2013-06-17 17:30:00,11.8236,PZ
NRS,DAR20141130,Darwin,130.76805,-12.4,2014-12-01 07:18:00,28.52629,Z
NRS,DAR20160724_0130,Darwin,130.76805,-12.4,2016-07-24 11:01:00,22.83716,PZ
NRS,DAR20120730_0130,Darwin,130.76805,-12.4,2012-07-30 11:00:00,30.95885,Z
NRS,DAR20150203_0630,Darwin,130.76805,-12.4,2015-02-03 16:00:00,32.54827,Z
NRS,DAR20140702,Darwin,130.76805,-12.4,2014-07-03 09:08:00,31.04592,Z
NRS,ESP20110818,Esperance,121.85,-33.93333,2011-08-18 10:20:00,6.29464,PZ
NRS,ESP20130314,Esperance,121.85,-33.93333,2013-03-14 09:24:00,14.29458,PZ
NRS,KAI20141201,Kangaroo Island,136.44733,-35.83217,2014-12-02 06:05:00,45.93323,FPZ
NRS,KAI20171129,Kangaroo Island,136.44733,-35.83217,2017-11-29 14:50:00,7.44041,FPZ
NRS,KAI20210202,Kangaroo Island,136.44733,-35.83217,2021-02-03 06:55:00,,PZ
NRS,MAI20120621,Maria Island,148.23333,-42.59667,2012-06-21 11:00:00,1.32611,Z
NRS,MAI20120724,Maria Island,148.23333,-42.59667,2012-07-24 10:50:00,1.76815,PZ
NRS,MAI20130611,Maria Island,148.23333,-42.59667,2013-06-11 11:55:00,2.9926,PZ
NRS,MAI20181204,Maria Island,148.23333,-42.59667,2018-12-05 09:10:00,18.11426,FPZ
NRS,MAI20190106,Maria Island,148.23333,-42.59667,2019-01-07 08:50:00,18.43747,FPZ
NRS,MAI20201118,Maria Island,148.23333,-42.59667,2020-11-19 09:45:00,35.151,PZ
NRS,MAI20140318,Maria Island,148.23333,-42.59667,2014-03-19 10:55:00,41.08258,PZ
NRS,MAI20140821,Maria Island,148.23333,-42.59667,2014-08-21 11:50:00,1.15048,PZ
NRS,MAI20161117,Maria Island,148.23333,-42.59667,2016-11-18 09:10:00,5.67696,FPZ
NRS,MAI20160321,Maria Island,148.23333,-42.59667,2016-03-22 10:11:00,6.08246,FPZ
NRS,MAI20120524,Maria Island,148.23333,-42.59667,2012-05-24 11:30:00,31.38482,Z
NRS,MAI20190828,Maria Island,148.23333,-42.59667,2019-08-29 09:20:00,4.80939,FPZ
NRS,MAI20140205,Maria Island,148.23333,-42.59667,2014-02-05 11:05:00,21.86546,PZ
NRS,MAI20090907,Maria Island,148.23333,-42.59667,2009-09-07 11:25:00,0.50834,PZ
NRS,MAI20150421,Maria Island,148.23333,-42.59667,2015-04-21 10:50:00,11.95275,FPZ
NRS,MAI20090421,Maria Island,148.23333,-42.59667,2009-04-21 11:45:00,3.13848,PZ
NRS,NIN20111107,Ningaloo,113.779,-21.99,2011-11-07 10:00:00,18.36056,PZ
NRS,NIN20130209,Ningaloo,113.779,-21.99,2013-02-09 09:22:00,49.52259,PZ
NRS,NSI20091015,North Stradbroke,153.562,-27.345,2009-10-15 10:10:00,29.14568,PZ
NRS,NSI20160412,North Stradbroke,153.562,-27.345,2016-04-12 10:45:00,7.38126,FPZ
NRS,NSI20160517,North Stradbroke,153.562,-27.345,2016-05-17 10:30:00,9.90169,FPZ
NRS,NSI20160623,North Stradbroke,153.562,-27.345,2016-06-23 10:30:00,13.65661,FPZ
NRS,NSI20160720,North Stradbroke,153.562,-27.345,2016-07-20 10:30:00,9.09155,FZ
NRS,NSI20161019,North Stradbroke,153.562,-27.345,2016-10-20 09:40:00,13.02007,FPZ
NRS,NSI20170117,North Stradbroke,153.562,-27.345,2017-01-17 10:30:00,12.67287,FPZ
NRS,NSI20170927,North Stradbroke,153.562,-27.345,2017-09-27 10:40:00,16.08703,FPZ
NRS,NSI20190322,North Stradbroke,153.562,-27.345,2019-03-22 10:50:00,16.11918,FPZ
NRS,NSI20191024,North Stradbroke,153.562,-27.345,2019-10-24 10:20:00,11.15547,FPZ
NRS,NSI20191220,North Stradbroke,153.562,-27.345,2019-12-20 10:20:00,9.78595,FPZ
NRS,NSI20200122,North Stradbroke,153.562,-27.345,2020-01-22 10:35:00,22.25308,FPZ
NRS,NSI20090527,North Stradbroke,153.562,-27.345,2009-05-27 12:03:00,11.05903,Z
NRS,NSI20100618,North Stradbroke,153.562,-27.345,2010-06-18 12:30:00,21.73871,PZ
NRS,NSI20100916,North Stradbroke,153.562,-27.345,2010-09-16 12:45:00,13.5023,PZ
NRS,NSI20180913,North Stradbroke,153.562,-27.345,2018-09-13 10:20:00,20.56851,FPZ
NRS,NSI20090318,North Stradbroke,153.562,-27.345,2009-03-18 10:30:00,10.95615,Z
NRS,NSI20140306,North Stradbroke,153.562,-27.345,2014-03-06 10:15:00,23.1468,PZ
NRS,PH420020318,Port Hacking 4,151.21815,-34.11758,2002-03-18 00:00:00,,Z
NRS,PH420020426,Port Hacking 4,151.21815,-34.11758,2002-04-26 00:00:00,,Z
NRS,PH420030211,Port Hacking 4,151.21815,-34.11758,2003-02-11 00:00:00,,Z
NRS,PH420040211,Port Hacking 4,151.21815,-34.11758,2004-02-11 00:00:00,,Z
NRS,PH420040524,Port Hacking 4,151.21815,-34.11758,2004-05-24 00:00:00,,Z
NRS,PH420041027,Port Hacking 4,151.21815,-34.11758,2004-10-27 00:00:00,,Z
NRS,PH420050225,Port Hacking 4,151.21815,-34.11758,2005-02-25 00:00:00,,Z
NRS,PH420051115,Port Hacking 4,151.21815,-34.11758,2005-11-15 00:00:00,,Z
NRS,PH420060130,Port Hacking 4,151.21815,-34.11758,2006-01-30 00:00:00,,Z
NRS,PH420070723,Port Hacking 4,151.21815,-34.11758,2007-07-23 00:00:00,,Z
NRS,PH420080924,Port Hacking 4,151.21815,-34.11758,2008-09-24 00:00:00,,Z
NRS,PH420081017,Port Hacking 4,151.21815,-34.11758,2008-10-17 00:00:00,,Z
NRS,PH420081202,Port Hacking 4,151.21815,-34.11758,2008-12-02 00:00:00,,Z
NRS,PHB20090223,Port Hacking,151.22667,-34.11923,2009-02-24 09:27:00,140.08416,PZ
NRS,PHB20091011,Port Hacking,151.22667,-34.11923,2009-10-12 09:28:00,93.34464,PZZ
NRS,PHB20110829,Port Hacking,151.22667,-34.11923,2011-08-29 10:03:00,3.56814,PZ
NRS,PHB20120628,Port Hacking,151.22667,-34.11923,2012-06-28 10:00:00,3.88994,Z
NRS,PHB20151013,Port Hacking,151.22667,-34.11923,2015-10-14 09:42:00,3.85458,FPZ
NRS,PHB20170205,Port Hacking,151.22667,-34.11923,2017-02-06 10:49:00,8.86908,FPZ
NRS,PHB20190729,Port Hacking,151.22667,-34.11923,2019-07-29 10:03:00,16.90505,FPZ
NRS,PHB20191028,Port Hacking,151.22667,-34.11923,2019-10-29 09:30:00,6.02588,FPZ
NRS,PHB20200224,Port Hacking,151.22667,-34.11923,2020-02-25 08:52:00,2.93868,PZ
NRS,PHB20200922,Port Hacking,151.22667,-34.11923,2020-09-23 09:19:00,9.45423,PZ
NRS,PHB20210310,Port Hacking,151.22667,-34.11923,2021-03-11 09:26:00,,PZ
NRS,PHB20100413,Port Hacking,151.22667,-34.11923,2010-04-14 09:18:00,51.4322,Z
NRS,PHB20100908,Port Hacking,151.22667,-34.11923,2010-09-09 09:30:00,67.34917,PZ
NRS,PHB20150518,Port Hacking,151.22667,-34.11923,2015-05-19 09:43:00,4.80939,PZ
NRS,PHB20120517,Port Hacking,151.22667,-34.11923,2012-05-18 09:33:00,5.6581,PZ
NRS,PHB20160407,Port Hacking,151.22667,-34.11923,2016-04-08 09:13:00,6.23452,FPZ
NRS,PHB20131027,Port Hacking,151.22667,-34.11923,2013-10-28 10:17:00,8.93981,PZ
NRS,PHB20210210,Port Hacking,151.22667,-34.11923,2021-02-11 09:09:00,,PZ
NRS,PHB20200831,Port Hacking,151.22667,-34.11923,2020-09-01 09:44:00,7.61015,PZ
NRS,PHB20180905,Port Hacking,151.22667,-34.11923,2018-09-05 10:50:00,50.6825,FPZ
NRS,ROT20100617,Rottnest Island,115.41667,-32,2010-06-17 10:05:00,15.62266,PZ
NRS,ROT20150724,Rottnest Island,115.41667,-32,2015-07-24 09:20:00,5.10801,PZ
NRS,ROT20160527,Rottnest Island,115.41667,-32,2016-05-27 09:30:00,25.02927,FPZ
NRS,ROT20190507,Rottnest Island,115.41667,-32,2019-05-07 09:40:00,25.84655,FPZ
NRS,ROT20110324,Rottnest Island,115.41667,-32,2011-03-24 09:35:00,4.62864,PZ
NRS,ROT20111221,Rottnest Island,115.41667,-32,2011-12-21 15:45:00,14.66393,PZ
NRS,ROT20120824,Rottnest Island,115.41667,-32,2012-08-24 11:06:00,8.55003,PZ
NRS,ROT20121219,Rottnest Island,115.41667,-32,2012-12-19 11:48:00,12.04705,PZ
NRS,ROT20190819,Rottnest Island,115.41667,-32,2019-08-19 08:31:00,13.23044,FPZ
NRS,ROT20200825,Rottnest Island,115.41667,-32,2020-08-25 10:40:00,20.68746,PZ
NRS,ROT20201106,Rottnest Island,115.41667,-32,2020-11-06 10:06:00,26.88485,PZ
NRS,ROT20141014,Rottnest Island,115.41667,-32,2014-10-14 11:52:00,6.60898,PZ
NRS,ROT20200128,Rottnest Island,115.41667,-32,2020-01-28 09:39:00,9.95669,PZ
NRS,ROT20190125,Rottnest Island,115.41667,-32,2019-01-25 09:35:00,9.48519,FPZ
NRS,ROT20181211,Rottnest Island,115.41667,-32,2018-12-11 09:24:00,15.15115,FPZ
NRS,YON20100119,Yongala,147.61842,-19.30847,2010-01-19 10:45:00,43.76873,PZ
NRS,YON20110908,Yongala,147.61842,-19.30847,2011-09-08 11:00:00,25.53836,PZ
NRS,YON20111027,Yongala,147.61842,-19.30847,2011-10-27 13:44:00,12.66924,PZ
NRS,YON20120615,Yongala,147.61842,-19.30847,2012-06-15 10:41:00,25.84232,PZ
NRS,YON20190313,Yongala,147.61842,-19.30847,2019-03-13 10:10:00,9.60463,PZ
NRS,YON20190917,Yongala,147.61842,-19.30847,2019-09-17 10:10:00,8.16889,PZ
NRS,YON20191009,Yongala,147.61842,-19.30847,2019-10-09 10:00:00,10.29068,PZ
NRS,YON20140910,Yongala,147.61842,-19.30847,2014-09-10 10:35:00,6.51498,PZ
NRS,YON20161108,Yongala,147.61842,-19.30847,2016-11-08 10:50:00,22.71404,PZ
NRS,YON20190808,Yongala,147.61842,-19.30847,2019-08-08 10:04:00,16.7091,PZ
NRS,YON20090909,Yongala,147.61842,-19.30847,2009-09-09 10:40:00,17.25995,PZ
NRS,YON20091123,Yongala,147.61842,-19.30847,2009-11-23 11:45:00,24.45499,PZ
NRS,YON20091215,Yongala,147.61842,-19.30847,2009-12-15 11:25:00,20.24188,PZ
NRS,YON20140501,Yongala,147.61842,-19.30847,2014-05-01 11:25:00,18.40245,PZ
NRS,YON20140527,Yongala,147.61842,-19.30847,2014-05-27 12:12:00,17.02873,PZ
NRS,YON20170705,Yongala,147.61842,-19.30847,2017-07-05 10:21:00,22.60414,PZ
NRS,YON20201209,Yongala,147.61842,-19.30847,2020-12-10 08:00:00,17.34563,PZ
NWS,NWS_1.2,North West Shelf,120.6191,-18.1717,2015-01-18 00:11:01,,P
NWS,NWS_7.2,North West Shelf,120.6191,-18.1717,2015-01-22 07:03:01,,P
IIOE,IIOE20190530,International Indian Ocean Expedition,110,-20,2019-05-30 16:40:00,,PZ
IIOE,IIOE20190606,International Indian Ocean Expedition,111.163,-13.781,2019-06-06 23:50:00,,PZ
NRS Ichthyoplankton,NSF20190416,North Stradbroke Ichthyo 30m,153.5802,-27.3889,2019-04-16 10:10:00,,F
NRS Ichthyoplankton,PHA20160201,Port Hacking A,151.21667,-34.08333,2016-02-02 10:52:00,,F
NRS Ichthyoplankton,PHA20160502,Port Hacking A,151.21667,-34.08333,2016-05-03 09:14:00,,F
NRS Ichthyoplankton,PHA20161204,Port Hacking A,151.21667,-34.08333,2016-12-05 09:45:00,,F
NRS Ichthyoplankton,PHA20170821,Port Hacking A,151.21667,-34.08333,2017-08-22 09:50:00,,F
NRS Ichthyoplankton,PHA20180626,Port Hacking A,151.21667,-34.08333,2018-06-27 09:41:00,,F
NRS Ichthyoplankton,PHA20180724,Port Hacking A,151.21667,-34.08333,2018-07-25 09:33:00,,F
NRS Ichthyoplankton,PHA20190522,Port Hacking A,151.21667,-34.08333,2019-05-23 08:50:00,,F
NRS Ichthyoplankton,PHA20190827,Port Hacking A,151.21667,-34.08333,2019-08-28 09:59:00,,F
NRS Ichthyoplankton,ROF20190621,Rottnest Island Ichthyo 34m,115.48333,-31.96666,2019-06-21 09:15:00,,F
NRS Ichthyoplankton,ROF20191104,Rottnest Island Ichthyo 34m,115.48333,-31.96666,2019-11-04 09:25:00,,F
NRS,DAR20120417,Darwin,130.76805,-12.4,2012-04-17 09:42:00,27.03073,PZ
NRS,DAR20140403,Darwin,130.76805,-12.4,2014-04-04 08:03:00,69.4428,Z
NRS,DAR20140906_0930,Darwin,130.76805,-12.4,2014-09-06 19:00:00,32.25737,Z
NRS,DAR20170715_0630,Darwin,130.76805,-12.4,2017-07-15 16:00:00,137.47436,PZ
NRS,DAR20180209_0630,Darwin,130.76805,-12.4,2018-02-09 16:00:00,33.61363,PZ
NRS,DAR20110627,Darwin,130.76805,-12.4,2011-06-27 13:48:00,5.56585,PZ
NRS,DAR20160530,Darwin,130.76805,-12.4,2016-05-31 07:50:00,29.30428,PZ
NRS,DAR20180208_2130,Darwin,130.76805,-12.4,2018-02-09 07:00:00,56.75541,PZ
NRS,DAR20200921_2130,Darwin,130.76805,-12.4,2020-09-22 07:00:00,457.0784,PZ
NRS,DAR20120729_1630,Darwin,130.76805,-12.4,2012-07-30 02:00:00,57.75986,PZ
NRS,DAR20160202_0030,Darwin,130.76805,-12.4,2016-02-02 10:00:00,9.07654,PZ
NRS,DAR20210303,Darwin,130.76805,-12.4,2021-03-04 08:00:00,,PZ
NRS,ESP20090512,Esperance,121.85,-33.93333,2009-05-12 12:10:00,23.95266,PZ
NRS,ESP20130725,Esperance,121.85,-33.93333,2013-07-25 09:57:00,5.85457,PZ
NRS,KAI20150909,Kangaroo Island,136.44733,-35.83217,2015-09-09 12:50:00,15.80734,FPZ
NRS,KAI20130220,Kangaroo Island,136.44733,-35.83217,2013-02-21 07:20:00,4.10212,Z
NRS,KAI20101120,Kangaroo Island,136.44733,-35.83217,2010-11-21 05:00:00,1.13515,PZ
NRS,KAI20110427,Kangaroo Island,136.44733,-35.83217,2011-04-28 07:35:00,0.00176,PZ
NRS,KAI20190909,Kangaroo Island,136.44733,-35.83217,2019-09-10 07:50:00,1.20234,FPZ
NRS,KAI20150408,Kangaroo Island,136.44733,-35.83217,2015-04-09 07:11:00,1.01138,FPZ
NRS,KAI20180515,Kangaroo Island,136.44733,-35.83217,2018-05-16 08:15:00,4.44161,FPZ
NRS,MAI20190624,Maria Island,148.23333,-42.59667,2019-06-24 10:10:00,24.32986,FPZ
NRS,MAI20190731,Maria Island,148.23333,-42.59667,2019-07-31 10:20:00,8.99167,FPZ
NRS,MAI20200526,Maria Island,148.23333,-42.59667,2020-05-26 10:10:00,8.75592,PZ
NRS,MAI20140807,Maria Island,148.23333,-42.59667,2014-08-07 12:00:00,0.18565,PZ
NRS,MAI20200106,Maria Island,148.23333,-42.59667,2020-01-07 09:45:00,64.62503,PZ
NRS,MAI20180627,Maria Island,148.23333,-42.59667,2018-06-28 09:00:00,7.0632,PZ
NRS,MAI20160720,Maria Island,148.23333,-42.59667,2016-07-21 09:30:00,0.32534,FPZ
NRS,MAI20130528,Maria Island,148.23333,-42.59667,2013-05-28 10:56:00,,P
NRS,MAI20160428,Maria Island,148.23333,-42.59667,2016-04-28 10:47:00,13.58417,FPZ
NRS,MAI20150723,Maria Island,148.23333,-42.59667,2015-07-23 10:45:00,2.01334,FPZ
NRS,MAI20130807,Maria Island,148.23333,-42.59667,2013-08-07 11:30:00,2.81431,PZ
NRS,MAI20110118,Maria Island,148.23333,-42.59667,2011-01-19 10:30:00,10.45424,PZ
NRS,MAI20110223,Maria Island,148.23333,-42.59667,2011-02-23 11:15:00,8.83637,PZ
NRS,MAI20090716,Maria Island,148.23333,-42.59667,2009-07-16 11:36:00,2.15273,PZ
NRS,MAI20170223,Maria Island,148.23333,-42.59667,2017-02-24 08:50:00,17.28552,FPZ
NRS,NIN20101108,Ningaloo,113.779,-21.99,2010-11-08 15:00:00,33.15651,PZ
NRS,NIN20110501,Ningaloo,113.779,-21.99,2011-05-01 08:24:00,15.26274,PZ
NRS,NSI20091215,North Stradbroke,153.562,-27.345,2009-12-16 09:00:00,25.58365,PZ
NRS,NSI20100520,North Stradbroke,153.562,-27.345,2010-05-21 08:21:00,15.907,PZ
NRS,NSI20101215,North Stradbroke,153.562,-27.345,2010-12-16 08:30:00,12.00419,PZ
NRS,NSI20130806,North Stradbroke,153.562,-27.345,2013-08-06 10:15:00,13.50873,PZ
NRS,NSI20150512,North Stradbroke,153.562,-27.345,2015-05-12 10:15:00,9.68951,FPZ
NRS,NSI20151027,North Stradbroke,153.562,-27.345,2015-10-27 10:50:00,4.89297,FPZ
NRS,NSI20170217,North Stradbroke,153.562,-27.345,2017-02-17 10:30:00,18.26668,FPZ
NRS,NSI20200625,North Stradbroke,153.562,-27.345,2020-06-25 10:35:00,14.17099,PZ
NRS,NSI20210328,North Stradbroke,153.562,-27.345,2021-03-29 09:00:00,,PZ
NRS,NSI20140623,North Stradbroke,153.562,-27.345,2014-06-23 10:20:00,10.12672,PZ
NRS,NSI20140725,North Stradbroke,153.562,-27.345,2014-07-25 10:35:00,12.31924,PZ
NRS,NSI20131016,North Stradbroke,153.562,-27.345,2013-10-16 10:40:00,17.93877,PZ
NRS,NSI20120912,North Stradbroke,153.562,-27.345,2012-09-12 10:20:00,19.01896,PZ
NRS,NSI20150323,North Stradbroke,153.562,-27.345,2015-03-23 11:40:00,16.22205,FPZ
NRS,NSI20171116,North Stradbroke,153.562,-27.345,2017-11-16 10:30:00,7.92135,FPZ
NRS,NSI20141107,North Stradbroke,153.562,-27.345,2014-11-07 10:35:00,11.34836,FPZ
NRS,NSI20141020,North Stradbroke,153.562,-27.345,2014-10-20 10:45:00,6.68685,FPZ
NRS,PH420021218,Port Hacking 4,151.21815,-34.11758,2002-12-18 00:00:00,,Z
NRS,PH420040421,Port Hacking 4,151.21815,-34.11758,2004-04-21 00:00:00,,Z
NRS,PH420070516,Port Hacking 4,151.21815,-34.11758,2007-05-16 00:00:00,,Z
NRS,PH420070830,Port Hacking 4,151.21815,-34.11758,2007-08-30 00:00:00,,Z
NRS,PHB20100119,Port Hacking,151.22667,-34.11923,2010-01-20 09:20:00,63.7881,PZ
NRS,PHB20110329,Port Hacking,151.22667,-34.11923,2011-03-30 09:33:00,3.41961,PZ
NRS,PHB20110914,Port Hacking,151.22667,-34.11923,2011-09-15 09:43:00,1.45696,PZ
NRS,PHB20111018,Port Hacking,151.22667,-34.11923,2011-10-19 09:31:00,8.30681,PZ
NRS,PHB20120311,Port Hacking,151.22667,-34.11923,2012-03-12 09:00:00,4.44161,PZ
NRS,PHB20120717,Port Hacking,151.22667,-34.11923,2012-07-17 10:00:00,4.24358,PZ
NRS,PHB20120917,Port Hacking,151.22667,-34.11923,2012-09-18 09:38:00,54.31784,PZ
NRS,PHB20121120,Port Hacking,151.22667,-34.11923,2012-11-21 09:30:00,31.17617,PZ
NRS,PHB20150723,Port Hacking,151.22667,-34.11923,2015-07-23 10:07:00,3.64096,FPZ
NRS,PHB20161030,Port Hacking,151.22667,-34.11923,2016-10-31 09:35:00,8.91152,FPZ
NRS,PHB20190227,Port Hacking,151.22667,-34.11923,2019-02-28 10:35:00,5.66579,FPZ
NRS,PHB20140427,Port Hacking,151.22667,-34.11923,2014-04-28 09:38:00,5.86675,PZ
NRS,PHB20131020,Port Hacking,151.22667,-34.11923,2013-10-21 09:36:00,4.60782,PZ
NRS,PHB20130915,Port Hacking,151.22667,-34.11923,2013-09-16 08:15:00,4.36538,PZ
NRS,ROT20151022,Rottnest Island,115.41667,-32,2015-10-22 09:36:00,5.96458,PZ
NRS,ROT20180511,Rottnest Island,115.41667,-32,2018-05-11 09:21:00,7.94934,FPZ
NRS,ROT20180620,Rottnest Island,115.41667,-32,2018-06-20 09:56:00,15.90557,FPZ
NRS,ROT20191218,Rottnest Island,115.41667,-32,2019-12-18 09:15:00,17.38296,PZ
NRS,ROT20200304,Rottnest Island,115.41667,-32,2020-03-04 09:25:00,13.99596,PZ
NRS,ROT20140319,Rottnest Island,115.41667,-32,2014-03-19 12:30:00,11.42623,PZ
NRS,ROT20121126,Rottnest Island,115.41667,-32,2012-11-26 11:02:00,11.11189,PZ
NRS,ROT20120221,Rottnest Island,115.41667,-32,2012-02-21 09:40:00,12.11778,PZ
NRS,ROT20180221,Rottnest Island,115.41667,-32,2018-02-21 10:05:00,19.60691,FPZ
NRS,ROT20091222,Rottnest Island,115.41667,-32,2009-12-22 10:00:00,9.13155,PZ
NRS,ROT20130517,Rottnest Island,115.41667,-32,2013-05-17 10:00:00,14.39674,PZ
NRS,ROT20200520,Rottnest Island,115.41667,-32,2020-05-20 09:22:00,18.64523,PZ
NRS,ROT20170802,Rottnest Island,115.41667,-32,2017-08-02 09:33:00,22.00375,FPZ
NRS,ROT20180328,Rottnest Island,115.41667,-32,2018-03-28 09:23:00,11.54684,FPZ
NRS,ROT20131001,Rottnest Island,115.41667,-32,2013-10-01 11:55:00,96.76937,PZ
NRS,ROT20141119,Rottnest Island,115.41667,-32,2014-11-19 10:16:00,9.80738,PZ
NRS,YON20120918,Yongala,147.61842,-19.30847,2012-09-18 11:00:00,3.06027,PZ
NRS,YON20121129,Yongala,147.61842,-19.30847,2012-11-29 10:40:00,15.39658,PZ
NRS,YON20130131,Yongala,147.61842,-19.30847,2013-01-31 10:15:00,80.53284,PZ
NRS,YON20161207,Yongala,147.61842,-19.30847,2016-12-07 10:15:00,18.51126,PZ
NRS,YON20170906,Yongala,147.61842,-19.30847,2017-09-06 10:00:00,16.56411,PZ
NRS,YON20180130,Yongala,147.61842,-19.30847,2018-01-30 10:05:00,18.53846,PZ
NRS,YON20190507,Yongala,147.61842,-19.30847,2019-05-07 11:30:00,36.64169,PZ
NRS,YON20180621,Yongala,147.61842,-19.30847,2018-06-21 11:30:00,21.86859,PZ
NRS,YON20180602,Yongala,147.61842,-19.30847,2018-06-03 09:10:00,18.16252,PZ
NRS,YON20100521,Yongala,147.61842,-19.30847,2010-05-21 12:56:00,31.58203,PZ
NRS,YON20100909,Yongala,147.61842,-19.30847,2010-09-09 11:00:00,9.42564,PZ
NRS,YON20101208,Yongala,147.61842,-19.30847,2010-12-08 10:45:00,9.08561,PZ
NRS,YON20210127,Yongala,147.61842,-19.30847,2021-01-27 10:46:00,,P
NRS,YON20140820,Yongala,147.61842,-19.30847,2014-08-20 11:15:00,7.43986,PZ
NRS,YON20141209,Yongala,147.61842,-19.30847,2014-12-09 10:04:00,6.92302,PZ
NWS,NWS_4.3,North West Shelf,120.6191,-18.1717,2015-01-21 00:15:02,,P
NWS,NWS_12.2,North West Shelf,120.6191,-18.1717,2015-01-23 07:01:01,,P
NWS,NWS_14.2,North West Shelf,120.6191,-18.1717,2015-01-23 22:02:01,,P
NWS,NWS_15.1,North West Shelf,120.6191,-18.1717,2015-01-24 01:34:00,,P
NWS,NWS_17.1,North West Shelf,120.6191,-18.1717,2015-01-24 07:08:01,,P
IIOE,IIOE20190601,International Indian Ocean Expedition,110,-17,2019-06-01 16:26:00,,PZ
IIOE,IIOE20190528,International Indian Ocean Expedition,110,-22.998,2019-05-28 16:00:00,,PZ
SOTS,SOTS20120714,Southern Ocean Time Series,142.25826,-46.93473,2012-07-14 16:48:00,,Z
NRS Ichthyoplankton,NSF20160120,North Stradbroke Ichthyo 30m,153.5802,-27.3889,2016-01-20 10:30:00,,F
NRS Ichthyoplankton,NSF20160517,North Stradbroke Ichthyo 30m,153.5802,-27.3889,2016-05-17 10:30:00,,F
NRS Ichthyoplankton,NSF20181115,North Stradbroke Ichthyo 30m,153.5802,-27.3889,2018-11-15 10:40:00,,F
NRS Ichthyoplankton,NSF20200122,North Stradbroke Ichthyo 30m,153.5802,-27.3889,2020-01-22 10:35:00,,F
NRS Ichthyoplankton,PHA20140911,Port Hacking A,151.21667,-34.08333,2014-09-11 10:13:00,,F
NRS Ichthyoplankton,PHA20160719,Port Hacking A,151.21667,-34.08333,2016-07-19 10:19:00,,F
NRS Ichthyoplankton,PHA20180123,Port Hacking A,151.21667,-34.08333,2018-01-24 09:41:00,,F
NRS Ichthyoplankton,PHA20180927,Port Hacking A,151.21667,-34.08333,2018-09-27 10:43:00,,F
NRS Ichthyoplankton,PHA20181120,Port Hacking A,151.21667,-34.08333,2018-11-21 09:24:00,,F
NRS Ichthyoplankton,PHA20181218,Port Hacking A,151.21667,-34.08333,2018-12-19 09:40:00,,F
NRS Ichthyoplankton,PHA20190408,Port Hacking A,151.21667,-34.08333,2019-04-09 08:50:00,,F
NRS Ichthyoplankton,PHA20190923,Port Hacking A,151.21667,-34.08333,2019-09-24 09:36:00,,F
