LATITUDE,LONGITUDE,SAMPLE_TIME_UTC
-12,137,1975-08-01T00:00:00Z
-12,138,1975-08-01T00:00:00Z
-14,137,1975-08-01T00:00:00Z
-14,138,1975-10-01T00:00:00Z
-14,139,1975-11-01T00:00:00Z
-14,141,1976-05-01T00:00:00Z
-15,136,1976-05-01T00:00:00Z
-17.5,140.5,1976-09-01T00:00:00Z
-17.5,140.5,1976-11-01T00:00:00Z
-12,138,1977-01-01T00:00:00Z
-13,140,1977-01-01T00:00:00Z
-12,140,1977-03-01T00:00:00Z
-12,141,1977-03-01T00:00:00Z
-12.25,141.5,1977-03-01T00:00:00Z
-14,137,1977-03-01T00:00:00Z
-15,140,1977-03-01T00:00:00Z
-15,136,1977-03-01T00:00:00Z
-12,137,1977-05-01T00:00:00Z
-14,137,1977-05-01T00:00:00Z
-44.3028,147.1266,1992-11-01T00:00:00Z
-12.65,141.15,1987-12-19T23:17:00Z
-12.65,141.65,1986-07-06T21:38:00Z
-12.55,141.25,1986-08-10T18:34:00Z
-12.55,141.45,1986-10-04T19:00:00Z
-12.55,141.45,1987-03-30T18:54:00Z
-12.65,141.15,1987-04-28T23:22:00Z
-12.75,141.75,1987-04-01T06:00:00Z
-12.55,141.25,1987-01-29T22:09:00Z
-12.55,141.25,1987-07-27T19:00:00Z
-12.55,141.45,1987-07-27T20:54:00Z
-12.65,141.15,1987-11-24T01:52:00Z
-12.65,141.15,1987-09-21T22:26:00Z
-12.65,141.65,1987-10-21T17:45:00Z
-42.573,147.9921,2000-09-01T00:00:00Z
-11.65083,130.20783,2006-02-25T09:40:00Z
-21.9,151.3,1988-01-01T00:00:00Z
-21.6,152.1,1988-01-01T00:00:00Z
-19,147.3,1988-01-01T00:00:00Z
-15,145.7,1988-01-01T00:00:00Z
-21.2,151.5,1988-01-01T00:00:00Z
-21,151.2,1988-01-01T00:00:00Z
-17.5,146.2,1988-01-01T00:00:00Z
-15.2,145.7,1988-01-01T00:00:00Z
-19.7,148.4,1988-01-01T00:00:00Z
-18.3,147.4,1988-01-01T00:00:00Z
-17.8,146.4,1988-01-01T00:00:00Z
-21.9,151.9,1988-01-01T00:00:00Z
-18.8,147.5,1988-01-01T00:00:00Z
-14.7,145.4,1988-01-01T00:00:00Z
-17.3,146.5,1988-01-01T00:00:00Z
-21.6,151.6,1988-01-01T00:00:00Z
-18.9,147.7,1988-01-01T00:00:00Z
-19.3,147.6,1988-01-01T00:00:00Z
-18,146.5,1988-01-01T00:00:00Z
-17.6,146.4,1988-01-01T00:00:00Z
-19.9,148.7,1988-01-01T00:00:00Z
-17,146,1988-01-01T00:00:00Z
-21.1,151.9,1988-01-01T00:00:00Z
-19.1,147.1,1988-01-01T00:00:00Z
-18.9,146.7,1988-01-01T00:00:00Z
-16.3,146,1988-01-01T00:00:00Z
-18.2,146.5,1988-01-01T00:00:00Z
-21.7,151.4,1988-01-01T00:00:00Z
-21.5,152.1,1988-01-01T00:00:00Z
-21.7,151.9,1988-01-01T00:00:00Z
-42.27417,148.3194,1971-11-01T00:00:00Z
-43.25417,148.1731,1972-10-01T00:00:00Z
-42.27361,148.6317,1972-08-01T00:00:00Z
-42.27639,148.7975,1973-05-01T00:00:00Z
-42.26306,148.4839,1971-12-01T00:00:00Z
-43.25917,148.0197,1972-03-01T00:00:00Z
-42.68306,148.1086,1972-10-01T00:00:00Z
-42.66,148.2692,1971-11-01T00:00:00Z
-42.26278,148.31,1971-12-01T00:00:00Z
-42.84111,148.5719,1972-08-01T00:00:00Z
-42.55639,148.1192,1971-11-01T00:00:00Z
-42.51972,148.2811,1971-08-01T00:00:00Z
-35.092,118.035,1993-01-13T00:00:00Z
-35.0608,118.2879,1993-01-13T00:00:00Z
-34.4214,118.4282,1993-01-13T00:00:00Z
-34.27,121.08,1993-01-14T00:00:00Z
-34.33,122.25,1993-01-13T00:00:00Z
-34.0108,121.3004,1992-07-22T00:00:00Z
-33.5908,121.1503,1992-07-22T00:00:00Z
-35.1308,117.4709,1992-07-23T00:00:00Z
-35.1301,117.57,1992-07-23T00:00:00Z
-35.0704,118.3208,1992-07-21T00:00:00Z
-34.31,119.2,1992-07-21T00:00:00Z
-34.1013,119.5102,1992-07-21T00:00:00Z
-34.1104,119.58,1992-07-21T00:00:00Z
-30.8333,115.5833,1997-08-01T00:00:00Z
-30.8333,115.4333,1997-08-01T00:00:00Z
-30.8333,115.6333,1998-05-01T00:00:00Z
-30.8333,115.4333,1998-05-01T00:00:00Z
-30.8333,115.4333,1998-06-01T00:00:00Z
-30.8333,115.5833,1998-12-01T00:00:00Z
-30.8333,115.4833,1997-03-01T00:00:00Z
-30.8333,115.6333,1998-06-01T00:00:00Z
-30.8333,115.4333,1998-10-01T00:00:00Z
-30.8333,115.6333,1998-02-01T00:00:00Z
-30.8333,115.4833,1998-03-01T00:00:00Z
-30.8333,115.5333,1997-07-01T00:00:00Z
-30.8333,115.3833,1997-08-01T00:00:00Z
-30.8333,115.4833,1997-10-01T00:00:00Z
-30.8333,115.4833,1998-08-01T00:00:00Z
-30.8333,115.4833,1998-09-01T00:00:00Z
-30.8333,115.4333,1998-09-01T00:00:00Z
-30.8333,115.4333,1998-11-01T00:00:00Z
-30.8333,115.3333,1998-12-01T00:00:00Z
-30.8333,115.4833,1997-09-01T00:00:00Z
-30.8333,115.5833,1998-02-01T00:00:00Z
-30.8333,115.3333,1998-02-01T00:00:00Z
-30.8333,115.5833,1997-01-01T00:00:00Z
-39.667,148.352,2005-06-01T00:00:00Z
-39,148.351,2005-06-01T00:00:00Z
-43.5,147.741,2005-06-01T00:00:00Z
-40.5,148.85,2005-06-01T00:00:00Z
-43.733,145.742,2006-06-01T00:00:00Z
-41.167,148.642,2005-06-01T00:00:00Z
-44.125,146.717,2006-06-01T00:00:00Z
-41,148.517,2006-06-01T00:00:00Z
-40.667,148.667,2005-06-01T00:00:00Z
-43.542,145.533,2006-06-01T00:00:00Z
-39.333,148.385,2005-06-01T00:00:00Z
-41.833,148.592,2005-06-01T00:00:00Z
-40.833,148.518,2005-06-01T00:00:00Z
-44.117,147.325,2006-06-01T00:00:00Z
-21.62,114.16,1999-01-14T08:35:00Z
-21.83,114.51,2002-04-05T08:30:00Z
-21.83,114.51,1998-12-21T08:40:00Z
-21.62,114.16,1998-10-17T09:05:00Z
-16.756,145.429,2000-08-13T00:00:00Z
-16.869,145.833,2002-03-10T00:00:00Z
-16.752,145.656,2001-08-20T00:00:00Z
-19.7697,149.137,2014-06-01T08:24:00Z
-20.1613,148.951,2014-06-01T11:23:00Z
-20.1546,149.068,2014-06-01T11:15:00Z
-11.653,133.6,2011-12-03T16:54:00Z
-10.823,133.536,2011-12-02T08:00:00Z
-15.73333,124.33667,2011-10-16T07:15:00Z
-16.14,124.295,2011-10-20T12:19:00Z
-27.33023,153.18055,2011-12-20T08:13:17Z
-16.04,124.08667,2011-01-29T11:44:00Z
-16.05333,124.11167,2011-01-21T12:20:00Z
-16.08667,124.15833,2011-10-16T19:20:00Z
-16.07667,124.14667,2011-10-15T19:57:00Z
-16.08667,124.10833,2011-01-24T10:46:00Z
-16.13567,124.13583,2011-01-21T07:54:00Z
-27.07832,153.23643,2011-05-27T16:09:31Z
-16.035,124.18833,2011-10-16T07:20:00Z
-16.085,124.108,2011-01-22T14:16:00Z
-16.33933,124.383,2011-01-23T15:00:00Z
-35.79604667,139.398055,2012-08-01T00:00:00Z
-42.76,148.26,1953-12-30T00:00:00Z
-12.71574,130.94558,2002-12-12T00:00:00Z
-12.45803,130.78371,2003-09-18T00:00:00Z
-12.7157,130.94578,2004-02-21T00:00:00Z
-12.53776,130.9682,2004-12-07T00:00:00Z
-12.55115,130.85271,2004-07-15T00:00:00Z
-12.50025,130.90383,2004-12-07T00:00:00Z
-27.17054,153.32199,2011-01-27T14:19:20Z
-27.24745,153.26782,2011-01-26T16:46:20Z
-27.40762,153.37853,2011-12-20T11:10:39Z
-12.65,141.533,1986-08-07T00:00:00Z
-12.75,141.567,1988-04-14T00:00:00Z
-12.65,141.55,1988-05-16T00:00:00Z
-12.65,141.55,1988-08-14T00:00:00Z
-12.833,141.65,1989-02-08T00:00:00Z
-12.8,141.7,1988-10-09T00:00:00Z
-12.65,141.333,1988-11-10T00:00:00Z
-12.85,141.567,1990-09-18T00:00:00Z
-12.65,141.533,1988-01-20T00:00:00Z
-12.717,141.717,1989-11-27T00:00:00Z
-12.55,141.55,1990-02-24T00:00:00Z
-12.717,141.717,1990-02-28T00:00:00Z
-12.65,141.667,1990-08-21T00:00:00Z
-12.55,141.55,1991-04-15T00:00:00Z
-12.55,140.85,1987-07-26T00:00:00Z
-12.733,141.65,1988-09-13T00:00:00Z
-12.717,141.717,1988-10-11T00:00:00Z
-12.75,141.567,1988-03-19T00:00:00Z
-12.85,141.567,1990-09-16T00:00:00Z
-12.65,141.667,1990-08-18T00:00:00Z
-12.8,141.7,1990-08-21T00:00:00Z
-12.55,141.55,1992-01-05T00:00:00Z
-12.8,141.7,1992-01-07T00:00:00Z
-12.8,141.7,1992-04-01T00:00:00Z
-12.75,141.567,1991-03-16T00:00:00Z
-12.65,141.333,1988-07-14T00:00:00Z
-12.833,141.65,1989-02-10T00:00:00Z
-12.65,141.667,1988-08-15T00:00:00Z
-12.75,141.567,1989-08-04T00:00:00Z
-12.75,141.433,1991-02-16T00:00:00Z
-12.833,141.65,1992-03-06T00:00:00Z
-12.75,141.433,1991-11-07T00:00:00Z
-12.65,141.533,1987-06-27T00:00:00Z
-12.667,141.517,1987-05-24T00:00:00Z
-12.95,141.517,1987-10-23T00:00:00Z
-12.5,141.267,1988-07-14T00:00:00Z
-12.55,141.533,1988-02-21T00:00:00Z
-12.717,141.717,1990-04-24T00:00:00Z
-12.733,141.65,1990-09-15T00:00:00Z
-12.65,141.667,1992-03-03T00:00:00Z
-12.65,141.667,1992-03-29T00:00:00Z
-12.8,141.7,1992-03-29T00:00:00Z
-12.717,141.717,1987-04-30T00:00:00Z
-12.65,141.55,1988-05-15T00:00:00Z
-12.717,141.717,1989-04-08T00:00:00Z
-12.717,141.717,1989-08-31T00:00:00Z
-12.65,141.55,1991-02-15T00:00:00Z
-12.633,141.717,1991-03-15T00:00:00Z
-12.8,141.7,1991-03-15T00:00:00Z
-12.65,141.667,1988-01-21T00:00:00Z
-12.333,140.833,1990-02-25T00:00:00Z
-12.833,141.65,1991-11-09T00:00:00Z
-12.55,141.55,1992-03-30T00:00:00Z
-12.733,141.65,1991-04-13T00:00:00Z
-12.75,141.567,1991-10-06T00:00:00Z
-12.733,141.55,1986-11-03T00:00:00Z
-12.55,141.55,1989-01-13T00:00:00Z
-12.633,141.717,1989-04-08T00:00:00Z
-12.633,141.717,1991-01-14T00:00:00Z
-12.65,141.55,1988-02-20T00:00:00Z
-12.55,141.45,1990-03-29T00:00:00Z
-12.8,141.7,1991-03-18T00:00:00Z
-12.55,141.05,1987-07-26T00:00:00Z
-12.65,141.333,1989-02-11T00:00:00Z
-12.65,141.533,1988-02-21T00:00:00Z
-12.55,141.55,1990-03-30T00:00:00Z
-12.733,141.65,1990-08-22T00:00:00Z
-12.767,141.333,1987-09-22T00:00:00Z
-12.55,141.55,1991-12-07T00:00:00Z
-27.29,153.29,2011-01-30T00:00:00Z
-27.31142,153.21431,2011-01-30T00:00:00Z
-38.397425,142.553217,2009-12-15T00:00:00Z
-38.397425,142.553217,2008-01-07T00:00:00Z
-31.9321,155.4966,2008-10-12T07:14:20Z
-32.9168,152.1658,2008-10-18T18:23:28Z
-33.2162,152.6739,2009-10-19T15:30:36Z
-33.507,152.3296,2008-10-17T12:53:12Z
-35.6172,151.4936,2010-09-23T14:52:27Z
-31.9321,155.4966,2008-10-12T07:19:20Z
-33.0476,152.3334,2008-10-18T15:55:23Z
-35.5406,151.304,2010-10-03T11:19:29Z
-33.9776,152.2486,2008-10-15T11:48:59Z
-35.5472,151.3116,2010-09-23T16:52:21Z
-33.9691,151.6732,2008-10-15T23:17:28Z
-32.2996,153.1162,2009-10-24T11:07:17Z
-35.3219,150.768,2010-10-03T17:06:55Z
-33.0165,152.2829,2009-10-21T21:43:29Z
-42.667,148.12,1990-01-06T00:00:00Z
-42.667,148.12,1990-01-22T00:00:00Z
-28.63,153.72,1940-08-09T00:00:00Z
-34.05,151.2,1940-10-31T00:00:00Z
-33.57,151.55,1938-12-17T00:00:00Z
-34.17,151.53,1939-09-06T00:00:00Z
-34.1,151.63,1938-11-11T00:00:00Z
-42.65,148.43,1938-06-01T00:00:00Z
-34.08,151.6,1939-10-02T00:00:00Z
-31.72,153.28,1940-08-05T00:00:00Z
-37.1,150.05,1939-10-17T00:00:00Z
-32.7,152.32,1941-01-01T00:00:00Z
-33.3,151.7,1939-05-03T00:00:00Z
-37.12,150.07,1939-04-17T00:00:00Z
-34.15,151.58,1939-05-29T00:00:00Z
-30.3,153.27,1940-08-08T00:00:00Z
-35.22,151.17,1941-01-16T00:00:00Z
-33.95,151.57,1940-12-05T00:00:00Z
-36.27,150.27,1939-04-18T00:00:00Z
-31.15,153.35,1939-07-18T00:00:00Z
-36.3,150.25,1939-12-27T00:00:00Z
-41.32,148.75,1939-04-10T00:00:00Z
-34.07,151.22,1939-05-02T00:00:00Z
-42.62,148.53,1939-06-11T00:00:00Z
-41.33,148.78,1941-01-21T00:00:00Z
-37.05,150.383,1954-01-06T00:00:00Z
-31.43,153.1,1953-12-16T00:00:00Z
-34,151.283,1953-06-30T00:00:00Z
-31.43,153.1,1954-03-31T00:00:00Z
-43.216,148.116,1950-07-06T00:00:00Z
-42.32,148.3,1949-04-06T00:00:00Z
-43.216,148.116,1953-10-03T00:00:00Z
-43.216,148.116,1953-12-29T00:00:00Z
-42.76,148.26,1953-06-15T00:00:00Z
-42.32,148.3,1954-06-22T00:00:00Z
-29.133,153.633,1954-01-23T00:00:00Z
-38.5,148.5,1950-10-04T00:00:00Z
-43.216,148.116,1950-03-07T00:00:00Z
-38.5,148.5,1954-07-21T00:00:00Z
-42.32,148.3,1953-04-11T00:00:00Z
-42.76,148.26,1954-07-22T00:00:00Z
-38.5,144.5,1952-04-22T00:00:00Z
-30.283,153.267,1954-03-08T00:00:00Z
-38.5,148.5,1950-08-10T00:00:00Z
-43.216,148.116,1951-05-19T00:00:00Z
-42.32,148.3,1952-11-22T00:00:00Z
-42.32,148.3,1954-04-28T00:00:00Z
-38.5,144.5,1954-04-20T00:00:00Z
-39.9,146.33,1950-11-25T00:00:00Z
-42.32,148.3,1952-09-27T00:00:00Z
-42.32,148.3,1952-02-27T00:00:00Z
-38.5,148.5,1951-05-23T00:00:00Z
-31.135,111.7683,2003-10-03T12:28:00Z
-12.85,141.567,1991-01-16T00:00:00Z
-12.833,141.65,1989-01-12T00:00:00Z
-12.75,141.567,1991-02-16T00:00:00Z
-34.2568,151.3805,2010-09-20T17:46:12Z
-12.55,141.55,1991-11-06T00:00:00Z
-12.65,141.667,1989-01-14T00:00:00Z
-12.633,141.717,1992-03-06T00:00:00Z
-12.483,141.55,1987-12-18T00:00:00Z
-12.65,141.55,1989-03-09T00:00:00Z
-12.717,141.717,1990-03-28T00:00:00Z
-12.85,141.567,1991-12-07T00:00:00Z
-42.32,148.3,1950-05-02T00:00:00Z
-33.1755,152.767,2009-10-19T14:03:16Z
-33.7085,152.9803,2010-09-26T14:31:47Z
-14.09833,121.85167,2009-11-25T14:00:25Z
-14.22833,121.66,2008-12-05T02:00:05Z
-14.22333,121.65833,2008-12-05T14:00:05Z
-14.22667,121.65667,2008-07-01T02:00:01Z
-14.03667,121.855,2008-06-26T08:00:26Z
-14.09833,121.85167,2008-12-03T02:00:03Z
-14.0995,121.85282,2009-05-30T08:00:30Z
-12.65,141.55,1991-10-08T00:00:00Z
-12.633,141.717,1990-09-18T00:00:00Z
-12.55,141.45,1990-11-16T00:00:00Z
-33.9691,151.6732,2008-10-15T23:12:28Z
-35.27,150.98,1938-10-11T00:00:00Z
-35.6162,150.9242,2010-09-19T18:26:14Z
-12,139,1975-08-01T00:00:00Z
-12,140,1975-08-01T00:00:00Z
-13.5,136.4,1975-10-01T00:00:00Z
-12.25,141.5,1975-11-01T00:00:00Z
-13.5,136.4,1975-11-01T00:00:00Z
-14,140,1975-11-01T00:00:00Z
-15,140,1975-11-01T00:00:00Z
-12,139,1976-05-01T00:00:00Z
-16,140,1976-05-01T00:00:00Z
-16,140,1976-09-01T00:00:00Z
-16,141,1976-09-01T00:00:00Z
-12,141,1976-11-01T00:00:00Z
-12.25,141.5,1976-11-01T00:00:00Z
-13,140,1976-11-01T00:00:00Z
-14,140,1976-11-01T00:00:00Z
-15,136,1976-11-01T00:00:00Z
-13,138,1977-01-01T00:00:00Z
-14,138,1977-01-01T00:00:00Z
-17,140,1977-03-01T00:00:00Z
-12,139,1977-05-01T00:00:00Z
-13.5,136.4,1977-05-01T00:00:00Z
-14,139,1977-05-01T00:00:00Z
-12.75,141.75,1987-12-21T02:43:00Z
-12.65,141.65,1988-02-19T22:22:00Z
-12.75,141.75,1986-03-13T04:17:00Z
-12.65,141.15,1988-02-20T00:35:00Z
-12.55,141.45,1988-03-17T20:31:00Z
-12.55,141.25,1988-03-17T21:04:00Z
-12.65,141.65,1988-03-18T19:50:00Z
-12.65,141.15,1986-07-07T23:00:00Z
-12.65,141.15,1986-12-02T23:08:00Z
-12.65,141.15,1986-12-29T23:26:00Z
-12.65,141.65,1987-01-28T19:24:00Z
-12.65,141.15,1987-03-01T23:52:00Z
-12.55,141.25,1987-04-28T21:33:00Z
-12.55,141.45,1987-10-22T18:53:00Z
-12.55,141.25,1987-10-22T21:13:00Z
-12.55,141.45,1987-09-21T05:05:00Z
-11.65083,130.20783,2005-08-19T15:20:00Z
-19,147.9,1988-01-01T00:00:00Z
-16.1,145.9,1988-01-01T00:00:00Z
-18.1,147.2,1988-01-01T00:00:00Z
-19.9,148.6,1988-01-01T00:00:00Z
-21.9,151.7,1988-01-01T00:00:00Z
-17.8,146.3,1988-01-01T00:00:00Z
-18.4,147.4,1988-01-01T00:00:00Z
-19.3,147.3,1988-01-01T00:00:00Z
-16.4,145.6,1988-01-01T00:00:00Z
-17.3,146.3,1988-01-01T00:00:00Z
-18.1,146.6,1988-01-01T00:00:00Z
-21.7,151.8,1988-01-01T00:00:00Z
-18.2,147.1,1988-01-01T00:00:00Z
-16.6,145.8,1988-01-01T00:00:00Z
-14.6,145.4,1988-01-01T00:00:00Z
-18.5,146.8,1988-01-01T00:00:00Z
-14.7,145.6,1988-01-01T00:00:00Z
-19.1,147.2,1988-01-01T00:00:00Z
-21.7,152.1,1988-01-01T00:00:00Z
-43.25278,148.0094,1971-12-01T00:00:00Z
-42.27944,148.4686,1971-08-01T00:00:00Z
-42.27667,148.785,1972-11-01T00:00:00Z
-42.28583,148.4697,1972-11-01T00:00:00Z
-43.25361,148.4883,1972-10-01T00:00:00Z
-42.67778,148.0928,1971-12-01T00:00:00Z
-42.68083,148.4181,1972-10-01T00:00:00Z
-43.25472,148.0242,1972-11-01T00:00:00Z
-42.675,148.24,1973-05-01T00:00:00Z
-42.26306,148.7872,1971-12-01T00:00:00Z
-43.24444,148.3528,1972-08-01T00:00:00Z
-42.67111,148.5761,1972-10-01T00:00:00Z
-43.26361,148.3233,1972-10-01T00:00:00Z
-42.27556,148.6347,1972-06-01T00:00:00Z
-35.01,118.5997,1993-01-13T00:00:00Z
-34.34,119.5398,1993-01-16T00:00:00Z
-34.17,121.08,1993-01-14T00:00:00Z
-35.0803,117.2704,1992-07-23T00:00:00Z
-35.1802,118.14,1992-07-21T00:00:00Z
-34.3304,118.5005,1992-07-23T00:00:00Z
-33.5502,121.1303,1992-07-23T00:00:00Z
-30.8333,115.4333,1997-12-01T00:00:00Z
-30.8333,115.4333,1998-03-01T00:00:00Z
-30.8333,115.4833,1998-05-01T00:00:00Z
-30.8333,115.3833,1998-06-01T00:00:00Z
-30.8333,115.4333,1998-12-01T00:00:00Z
-30.8333,115.5333,1997-06-01T00:00:00Z
-30.8333,115.6833,1998-03-01T00:00:00Z
-30.8333,115.6833,1998-05-01T00:00:00Z
-30.8333,115.5833,1998-06-01T00:00:00Z
-30.8333,115.6333,1997-12-01T00:00:00Z
-30.8333,115.6333,1997-04-01T00:00:00Z
-30.8333,115.6333,1997-09-01T00:00:00Z
-30.8333,115.4833,1998-07-01T00:00:00Z
-30.8333,115.5333,1997-01-01T00:00:00Z
-30.8333,115.5333,1997-12-01T00:00:00Z
-41.5,148.608,2006-06-01T00:00:00Z
-39.333,148.617,2005-06-01T00:00:00Z
-41,148.7,2005-06-01T00:00:00Z
-40.833,148.75,2005-06-01T00:00:00Z
-40.333,148.767,2005-06-01T00:00:00Z
-39,148.467,2005-06-01T00:00:00Z
-43.717,147.833,2006-06-01T00:00:00Z
-43.85,146.417,2006-06-01T00:00:00Z
-41.5,148.783,2006-06-01T00:00:00Z
-39.667,148.7,2005-06-01T00:00:00Z
-40.5,149.008,2006-06-01T00:00:00Z
-43.733,146.187,2006-06-01T00:00:00Z
-41,148.631,2005-06-01T00:00:00Z
-44.108,146.333,2006-06-01T00:00:00Z
-43.25,148.17,2006-06-01T00:00:00Z
-39,148.583,2005-06-01T00:00:00Z
-44,146.717,2006-06-01T00:00:00Z
-42.833,148.347,2005-06-01T00:00:00Z
-21.62,114.16,1997-12-28T09:10:00Z
-21.83,114.51,1997-12-29T08:54:00Z
-21.83,114.51,1998-01-01T09:35:00Z
-21.83,114.51,1998-01-29T09:00:00Z
-21.83,114.51,1999-01-18T08:15:00Z
-16.681,145.172,2001-02-03T00:00:00Z
-16.26,145.189,2002-03-11T00:00:00Z
-20.2455,149.17,2014-06-01T15:00:00Z
-20.2448,149.171,2014-06-01T09:11:00Z
-11.548,136.82,2011-12-06T16:00:00Z
-10.935,134.675,2011-12-04T14:00:00Z
-5.52802,146.15573,2009-01-30T15:23:00Z
-5.49154,146.0369,2009-02-05T20:23:00Z
-5.55282,146.34233,2009-02-02T11:40:00Z
-15.96833,124.38967,2011-01-23T11:00:00Z
-14.02655,121.91682,2009-06-09T00:00:00Z
-27.07742,153.23643,2011-02-27T10:23:54Z
-27.21137,153.23177,2011-12-18T13:43:01Z
-16.17667,124.1263,2011-01-26T17:07:00Z
-16.08667,124.16,2011-10-16T10:16:00Z
-16.18,124.12633,2011-01-26T14:00:00Z
-35.69561,139.162545,2012-11-01T00:00:00Z
-35.79604667,139.398055,2012-09-01T00:00:00Z
-36.16101333,139.647165,2012-08-01T00:00:00Z
-36.07054833,139.5986717,2012-08-01T00:00:00Z
-3.099955,152.64814,2006-11-05T12:29:54Z
-12.5372,130.96654,2003-02-25T00:00:00Z
-12.47041,130.79913,2004-07-14T00:00:00Z
-12.46833,130.79666,2004-02-15T00:00:00Z
-12.46856,130.79708,2004-10-20T00:00:00Z
-12.50384,130.90429,2004-02-17T00:00:00Z
-12.50033,130.90467,2003-06-26T00:00:00Z
-12.53708,130.9675,2003-12-03T00:00:00Z
-12.36668,130.71546,2003-09-19T00:00:00Z
-12.71676,130.94558,2003-06-25T00:00:00Z
-27.07782,153.2363,2011-01-28T10:42:56Z
-27.33017,153.18065,2011-05-27T09:55:02Z
-27.15647,153.22123,2011-12-19T12:34:03Z
-27.3038,153.19557,2011-05-26T13:50:56Z
-12.65,141.617,1986-10-03T00:00:00Z
-12.85,141.567,1988-04-14T00:00:00Z
-12.65,141.55,1988-04-14T00:00:00Z
-12.65,141.667,1989-03-07T00:00:00Z
-12.733,141.65,1988-10-07T00:00:00Z
-12.8,141.7,1988-10-07T00:00:00Z
-12.717,141.717,1988-10-09T00:00:00Z
-12.717,141.717,1988-03-18T00:00:00Z
-12.8,141.7,1990-10-16T00:00:00Z
-12.833,141.65,1991-01-17T00:00:00Z
-12.55,141.55,1991-02-15T00:00:00Z
-12.833,141.65,1989-10-31T00:00:00Z
-12.717,141.717,1989-12-01T00:00:00Z
-12.633,141.717,1990-01-26T00:00:00Z
-12.733,141.65,1992-02-05T00:00:00Z
-12.55,141.55,1992-03-04T00:00:00Z
-12.75,141.467,1986-04-10T00:00:00Z
-12.65,141.55,1988-03-19T00:00:00Z
-12.633,141.717,1988-01-21T00:00:00Z
-12.55,141.45,1992-03-04T00:00:00Z
-12.85,141.567,1989-01-12T00:00:00Z
-12.717,141.717,1989-02-07T00:00:00Z
-12.717,141.717,1988-10-07T00:00:00Z
-12.8,141.7,1988-11-10T00:00:00Z
-12.717,141.717,1988-11-12T00:00:00Z
-12.65,141.667,1988-03-18T00:00:00Z
-12.65,141.55,1989-08-30T00:00:00Z
-12.717,141.717,1989-09-02T00:00:00Z
-12.85,141.567,1990-10-16T00:00:00Z
-12.717,141.55,1989-10-02T00:00:00Z
-12.65,141.55,1990-03-29T00:00:00Z
-12.633,141.15,1992-02-06T00:00:00Z
-12.65,141.55,1992-03-05T00:00:00Z
-12.55,141.45,1991-09-11T00:00:00Z
-12.733,141.533,1987-03-02T00:00:00Z
-12.733,141.55,1987-07-29T00:00:00Z
-12.75,141.567,1988-06-15T00:00:00Z
-12.833,141.65,1988-07-13T00:00:00Z
-12.75,141.567,1990-09-19T00:00:00Z
-12.717,141.717,1990-02-23T00:00:00Z
-12.75,141.567,1990-08-19T00:00:00Z
-12.717,141.717,1990-08-23T00:00:00Z
-12.633,141.15,1992-03-05T00:00:00Z
-12.717,141.717,1991-09-06T00:00:00Z
-12.35,141.35,1987-07-25T00:00:00Z
-12.317,140.917,1987-07-25T00:00:00Z
-12.65,141.667,1988-05-17T00:00:00Z
-12.733,141.65,1989-02-07T00:00:00Z
-12.55,141.55,1989-02-10T00:00:00Z
-12.55,141.45,1989-04-06T00:00:00Z
-12.65,141.55,1988-09-13T00:00:00Z
-12.65,141.533,1988-03-20T00:00:00Z
-12.633,141.717,1990-09-19T00:00:00Z
-12.717,141.717,1991-01-17T00:00:00Z
-12.65,141.667,1989-11-30T00:00:00Z
-12.833,141.65,1990-08-22T00:00:00Z
-12.55,141.55,1991-03-16T00:00:00Z
-12.55,141.433,1987-09-21T00:00:00Z
-12.65,141.55,1988-07-13T00:00:00Z
-12.65,141.667,1989-03-10T00:00:00Z
-12.733,141.65,1989-10-02T00:00:00Z
-12.75,141.567,1989-11-30T00:00:00Z
-12.55,141.55,1989-11-30T00:00:00Z
-12.8,141.7,1990-02-27T00:00:00Z
-12.633,141.717,1991-04-13T00:00:00Z
-12.85,141.567,1991-10-08T00:00:00Z
-12.85,141.533,1986-04-11T00:00:00Z
-12.85,141.567,1988-08-12T00:00:00Z
-12.55,141.55,1989-03-09T00:00:00Z
-12.717,141.717,1990-03-30T00:00:00Z
-12.55,141.55,1991-10-08T00:00:00Z
-12.8,141.717,1987-01-31T00:00:00Z
-12.8,141.717,1986-12-04T00:00:00Z
-12.5,141.267,1989-02-10T00:00:00Z
-12.717,141.717,1989-10-30T00:00:00Z
-12.8,141.7,1988-12-08T00:00:00Z
-27.353333,153.166667,2009-01-14T00:00:00Z
-27.38712,153.158839,2011-01-19T00:00:00Z
-27.38712,153.158839,2009-01-14T00:00:00Z
-38.397913,142.510119,2010-01-18T00:00:00Z
-38.397425,142.553217,2010-01-18T00:00:00Z
-38.397913,142.510119,2008-03-06T00:00:00Z
-33.4734,153.2318,2009-10-17T22:01:31Z
-34.0655,151.8981,2009-10-24T17:40:30Z
-31.7521,152.9288,2010-10-01T18:43:06Z
-33.123,152.4137,2008-10-18T14:41:17Z
-32.2998,155.3534,2008-10-12T17:13:07Z
-32.7142,152.3506,2008-10-18T22:47:51Z
-32.5928,153.6467,2010-10-24T04:54:00Z
-33.1482,152.536,2009-10-21T17:59:35Z
-42.667,148.12,1991-02-28T00:00:00Z
-42.667,148.12,1991-01-21T00:00:00Z
-32.57,152.92,1940-04-20T00:00:00Z
-34.1,151.23,1939-10-24T00:00:00Z
-30.98,153.37,1941-01-08T00:00:00Z
-36.28,150.42,1939-11-01T00:00:00Z
-41.27,148.42,1939-06-12T00:00:00Z
-42.63,148.67,1938-06-02T00:00:00Z
-42.63,148.22,1939-06-11T00:00:00Z
-30.3,153.53,1940-04-22T00:00:00Z
-39.95,148.62,1941-01-20T00:00:00Z
-32.83,152.73,1938-09-27T00:00:00Z
-37.15,150.05,1938-11-29T00:00:00Z
-27.03,153.75,1938-09-21T00:00:00Z
-34.2,151.57,1939-10-25T00:00:00Z
-37.08,150.05,1940-05-03T00:00:00Z
-34.05,151.28,1941-01-11T00:00:00Z
-30.92,153.13,1939-05-16T00:00:00Z
-36.25,150.27,1939-09-03T00:00:00Z
-42.65,148.2,1938-06-01T00:00:00Z
-28.78,153.93,1939-07-16T00:00:00Z
-42.52,148.2,1939-10-13T00:00:00Z
-39.95,148.57,1940-08-25T00:00:00Z
-29,110,1962-01-01T00:00:00Z
-31.43,153.1,1952-05-06T00:00:00Z
-29.133,153.633,1953-11-29T00:00:00Z
-33.05,152,1954-01-10T00:00:00Z
-34.067,151.25,1953-09-08T00:00:00Z
-35.27,150.3833333,1953-11-11T00:00:00Z
-34.067,151.25,1953-06-01T00:00:00Z
-34.067,151.25,1952-04-24T00:00:00Z
-31.43,153.1,1953-10-22T00:00:00Z
-34.067,151.25,1953-06-30T00:00:00Z
-42.32,148.3,1948-12-16T00:00:00Z
-42.32,148.3,1950-03-09T00:00:00Z
-42.32,148.3,1951-07-06T00:00:00Z
-42.32,148.3,1954-03-18T00:00:00Z
-42.76,148.26,1953-10-01T00:00:00Z
-42.32,148.3,1953-12-11T00:00:00Z
-38.5,144.5,1952-05-24T00:00:00Z
-34.067,151.25,1952-05-29T00:00:00Z
-30.283,153.267,1954-06-19T00:00:00Z
-33.517,151.883,1954-01-10T00:00:00Z
-38.5,148.5,1949-04-05T00:00:00Z
-38.5,148.5,1950-05-01T00:00:00Z
-38.5,144.5,1954-05-14T00:00:00Z
-42.32,148.3,1953-08-14T00:00:00Z
-12.65,141.55,1989-03-08T00:00:00Z
-39.97,148.95,1938-10-16T00:00:00Z
-12.667,141.833,1991-11-07T00:00:00Z
-30.22,153.55,1940-01-14T00:00:00Z
-12.233,141.55,1986-09-04T00:00:00Z
-12.633,141.717,1991-10-05T00:00:00Z
-12.633,141.717,1988-09-10T00:00:00Z
-12.85,141.567,1991-10-06T00:00:00Z
-35.5472,151.3116,2010-09-23T16:47:21Z
-33.098,152.4508,2009-10-21T19:17:29Z
-33.1482,152.536,2009-10-21T18:04:35Z
-33.3062,154.3538,2009-10-20T14:38:44Z
-32.1332,155.4979,2008-10-12T10:19:39Z
-14.08167,121.85167,2009-11-26T02:00:26Z
-13.94833,121.98167,2009-11-27T08:00:27Z
-14.225,121.66333,2009-12-01T20:00:01Z
-12.55,141.55,1991-03-17T00:00:00Z
-12.733,141.65,1991-03-15T00:00:00Z
-32.9658,152.2009,2009-10-21T22:41:20Z
-32.9995,152.2539,2008-10-18T17:03:21Z
-16,141,1975-08-01T00:00:00Z
-12,138,1975-10-01T00:00:00Z
-12,140,1975-10-01T00:00:00Z
-12.25,141.5,1975-10-01T00:00:00Z
-13,140,1975-10-01T00:00:00Z
-15,136,1975-10-01T00:00:00Z
-16,137.5,1975-10-01T00:00:00Z
-12,139,1975-11-01T00:00:00Z
-12,140,1975-11-01T00:00:00Z
-12,141,1975-11-01T00:00:00Z
-14,141,1975-11-01T00:00:00Z
-15,136,1975-11-01T00:00:00Z
-14,138,1976-05-01T00:00:00Z
-15,138,1976-06-01T00:00:00Z
-15,136,1976-06-01T00:00:00Z
-17.5,140.5,1976-06-01T00:00:00Z
-12,139,1976-09-01T00:00:00Z
-14,139,1976-09-01T00:00:00Z
-14,141,1976-09-01T00:00:00Z
-16,137.5,1976-09-01T00:00:00Z
-12,138,1976-11-01T00:00:00Z
-14,141,1977-01-01T00:00:00Z
-16,140,1977-01-01T00:00:00Z
-13.5,136.4,1977-03-01T00:00:00Z
-14,138,1977-03-01T00:00:00Z
-14,141,1977-03-01T00:00:00Z
-16,139,1977-03-01T00:00:00Z
-44.3028,147.1266,1993-04-01T00:00:00Z
-44.3028,147.1266,1993-08-01T00:00:00Z
-12.75,141.75,1987-11-25T04:19:00Z
-12.65,141.65,1987-12-18T17:55:00Z
-12.75,141.75,1988-01-18T23:06:00Z
-12.55,141.45,1988-01-19T21:46:00Z
-12.65,141.15,1988-01-20T02:14:00Z
-12.65,141.65,1986-04-08T19:19:00Z
-12.65,141.15,1986-04-09T21:50:00Z
-12.75,141.75,1986-04-11T04:42:00Z
-12.55,141.25,1988-02-20T22:14:00Z
-12.55,141.25,1986-07-07T21:20:00Z
-12.75,141.75,1986-07-09T04:37:00Z
-12.55,141.45,1986-09-04T18:49:00Z
-12.75,141.75,1986-09-06T04:41:00Z
-12.55,141.45,1986-06-07T19:25:00Z
-12.55,141.45,1987-01-29T19:40:00Z
-12.75,141.75,1986-11-04T04:28:00Z
-12.75,141.75,1987-03-03T04:50:00Z
-12.65,141.15,1987-03-30T23:32:00Z
-12.55,141.45,1987-08-24T04:23:00Z
-12.65,141.65,1987-09-20T18:04:00Z
-12.55,141.25,1987-06-28T20:20:00Z
-12.75,141.75,1987-10-24T04:08:00Z
-12.65,141.65,1987-06-27T18:39:00Z
-11.65012,130.20693,2006-02-25T09:00:00Z
-21.2,151.2,1988-01-01T00:00:00Z
-21.9,151.5,1988-01-01T00:00:00Z
-19.3,147.7,1988-01-01T00:00:00Z
-16.7,145.8,1988-01-01T00:00:00Z
-17.7,146.5,1988-01-01T00:00:00Z
-19.6,149.8,1988-01-01T00:00:00Z
-14.1,144.4,1988-01-01T00:00:00Z
-18.6,147.4,1988-01-01T00:00:00Z
-18.9,147.8,1988-01-01T00:00:00Z
-18,146.4,1988-01-01T00:00:00Z
-20.6,150.5,1988-01-01T00:00:00Z
-19.2,147.5,1988-01-01T00:00:00Z
-20.8,150.7,1988-01-01T00:00:00Z
-16.8,145.9,1988-01-01T00:00:00Z
-15.4,145.6,1988-01-01T00:00:00Z
-18.1,146.5,1988-01-01T00:00:00Z
-21.9,152,1988-01-01T00:00:00Z
-21.1,151.6,1988-01-01T00:00:00Z
-19.6,149.3,1988-01-01T00:00:00Z
-18.8,147.6,1988-01-01T00:00:00Z
-14.3,144.7,1988-01-01T00:00:00Z
-18.2,147.3,1988-01-01T00:00:00Z
-19.3,147.2,1988-01-01T00:00:00Z
-14.6,145.1,1988-01-01T00:00:00Z
-18,146.6,1988-01-01T00:00:00Z
-18.3,147.3,1988-01-01T00:00:00Z
-17,146.1,1988-01-01T00:00:00Z
-15.4,145.3,1988-01-01T00:00:00Z
-16.9,146,1988-01-01T00:00:00Z
-14.3,144.8,1988-01-01T00:00:00Z
-21.3,151.5,1988-01-01T00:00:00Z
-21.3,151.3,1988-01-01T00:00:00Z
-18.8,147.8,1988-01-01T00:00:00Z
-42.27056,148.6364,1971-11-01T00:00:00Z
-42.84917,148.2183,1972-08-01T00:00:00Z
-42.28306,148.66,1973-05-01T00:00:00Z
-42.26694,148.7644,1972-10-01T00:00:00Z
-42.26028,148.6308,1971-12-01T00:00:00Z
-43.26333,148.1878,1972-11-01T00:00:00Z
-43.72111,148.6256,1971-11-01T00:00:00Z
-42.27111,148.4767,1971-11-01T00:00:00Z
-42.66778,148.6064,1972-11-01T00:00:00Z
-42.27139,148.4778,1972-06-01T00:00:00Z
-42.67278,148.4428,1972-11-01T00:00:00Z
-43.25389,148.0067,1971-11-01T00:00:00Z
-42.67944,148.5769,1971-12-01T00:00:00Z
-42.2875,148.4825,1973-05-01T00:00:00Z
-43.24639,148.1744,1972-06-01T00:00:00Z
-35.1195,118.3289,1993-01-13T00:00:00Z
-34.5556,118.5456,1993-01-13T00:00:00Z
-34.4108,118.5808,1993-01-14T00:00:00Z
-34.5069,119.151,1993-01-14T00:00:00Z
-34.2405,119.5541,1993-01-16T00:00:00Z
-34.02,121.55,1993-01-13T00:00:00Z
-34.11,121.55,1993-01-13T00:00:00Z
-34.21,121.55,1993-01-13T00:00:00Z
-34.31,121.55,1993-01-13T00:00:00Z
-34.16,122.25,1993-01-13T00:00:00Z
-34.1963,119.3436,1992-07-21T00:00:00Z
-34.0808,122.3004,1992-07-21T00:00:00Z
-34.0402,122.1108,1992-07-21T00:00:00Z
-30.8333,115.3833,1998-03-01T00:00:00Z
-30.8333,115.4333,1998-04-01T00:00:00Z
-30.8333,115.6833,1997-08-01T00:00:00Z
-30.8333,115.3833,1997-10-01T00:00:00Z
-30.8333,115.3333,1998-04-01T00:00:00Z
-30.8333,115.5833,1998-05-01T00:00:00Z
-30.8333,115.5333,1998-07-01T00:00:00Z
-30.8333,115.3833,1998-07-01T00:00:00Z
-30.8333,115.5333,1998-08-01T00:00:00Z
-30.8333,115.4833,1997-12-01T00:00:00Z
-30.8333,115.4333,1998-02-01T00:00:00Z
-30.8333,115.5833,1997-03-01T00:00:00Z
-30.8333,115.3833,1997-03-01T00:00:00Z
-30.8333,115.5333,1998-09-01T00:00:00Z
-30.8333,115.5333,1997-10-01T00:00:00Z
-30.8333,115.5333,1997-11-01T00:00:00Z
-30.8333,115.5333,1998-12-01T00:00:00Z
-40.5,148.618,2005-06-01T00:00:00Z
-40.75,148.941,2006-06-01T00:00:00Z
-41.5,148.434,2006-06-01T00:00:00Z
-40,148.776,2005-06-01T00:00:00Z
-40.75,148.767,2006-06-01T00:00:00Z
-42.75,148.533,2006-06-01T00:00:00Z
-39.333,148.733,2005-06-01T00:00:00Z
-41.5,148.368,2005-06-01T00:00:00Z
-41,148.692,2006-06-01T00:00:00Z
-43.65,145.875,2006-06-01T00:00:00Z
-42,148.642,2006-06-01T00:00:00Z
-21.83,114.51,1997-12-04T08:55:00Z
-21.83,114.51,1998-10-22T08:30:00Z
-21.62,114.16,1998-12-17T08:00:00Z
-21.83,114.51,1997-10-31T09:17:00Z
-16.157,145.976,2000-08-10T00:00:00Z
-20.3758,148.85,2014-06-01T09:25:00Z
-20.3684,148.846,2014-06-01T09:30:00Z
-20.46,149.032,2014-06-01T10:00:00Z
-11.607,136.575,2011-12-06T13:35:00Z
-5.55846,146.28203,2009-02-01T13:46:00Z
-14.09619,121.85194,2009-06-09T00:00:00Z
-31.135,111.7683,2003-10-05T22:11:00Z
-27.15571,153.22111,2011-01-27T09:57:18Z
-27.21151,153.23236,2011-02-25T08:04:11Z
-27.30358,153.19585,2011-01-26T14:37:04Z
-16.15833,124.285,2011-01-29T19:42:00Z
-16.1575,124.12333,2011-01-26T11:45:00Z
-16.10783,124.32117,2011-01-23T13:00:00Z
-27.15333,153.12147,2011-12-19T14:07:11Z
-27.33053,153.18075,2011-01-26T13:45:18Z
-35.549545,138.88273,2012-11-01T00:00:00Z
-36.16101333,139.647165,2012-09-01T00:00:00Z
-35.69561,139.162545,2012-08-01T00:00:00Z
-35.549545,138.88273,2012-07-01T00:00:00Z
-12.63098,130.9436,2004-12-07T00:00:00Z
-12.643,130.90298,2003-09-19T00:00:00Z
-12.5909,130.89883,2003-12-04T00:00:00Z
-12.46708,130.80056,2003-06-25T00:00:00Z
-12.46855,130.79909,2003-06-26T00:00:00Z
-12.53776,130.9682,2004-10-17T00:00:00Z
-12.53701,130.96738,2002-12-11T00:00:00Z
-12.50283,130.90613,2003-02-25T00:00:00Z
-27.25781,153.22215,2011-02-25T13:50:06Z
-27.30378,153.19537,2011-02-25T14:57:48Z
-27.25798,153.22219,2011-01-26T15:41:46Z
-27.12286,153.27607,2011-02-26T13:26:59Z
-27.30006,153.33333,2011-02-27T13:27:04Z
-12.55,141.55,1988-04-14T00:00:00Z
-12.733,141.65,1988-04-15T00:00:00Z
-12.8,141.7,1989-01-12T00:00:00Z
-12.65,141.55,1989-01-13T00:00:00Z
-12.733,141.65,1988-11-08T00:00:00Z
-12.8,141.7,1988-11-08T00:00:00Z
-12.833,141.65,1990-10-16T00:00:00Z
-12.833,141.65,1989-10-02T00:00:00Z
-12.833,141.65,1990-01-27T00:00:00Z
-12.75,141.567,1990-02-24T00:00:00Z
-12.55,141.55,1990-03-29T00:00:00Z
-12.65,141.55,1991-03-16T00:00:00Z
-12.8,141.7,1991-04-16T00:00:00Z
-12.8,141.7,1991-10-05T00:00:00Z
-12.65,141.533,1986-09-03T00:00:00Z
-12.317,141.45,1987-09-21T00:00:00Z
-12.55,141.45,1989-01-12T00:00:00Z
-12.8,141.7,1989-03-07T00:00:00Z
-12.8,141.7,1991-01-17T00:00:00Z
-12.833,141.65,1990-09-16T00:00:00Z
-12.717,141.717,1991-08-13T00:00:00Z
-12.667,141.833,1991-10-05T00:00:00Z
-12.65,141.617,1987-08-23T00:00:00Z
-12.75,141.433,1988-06-16T00:00:00Z
-12.85,141.567,1989-04-06T00:00:00Z
-12.833,141.65,1988-10-08T00:00:00Z
-12.717,141.55,1988-01-20T00:00:00Z
-12.85,141.567,1988-02-20T00:00:00Z
-12.55,141.55,1989-11-28T00:00:00Z
-12.85,141.567,1990-01-29T00:00:00Z
-12.85,141.567,1990-03-29T00:00:00Z
-12.85,141.567,1991-11-08T00:00:00Z
-12.717,141.717,1988-08-11T00:00:00Z
-12.85,141.567,1988-03-19T00:00:00Z
-12.733,141.65,1989-09-02T00:00:00Z
-12.717,141.717,1990-09-19T00:00:00Z
-12.65,141.55,1990-10-17T00:00:00Z
-12.75,141.567,1989-10-31T00:00:00Z
-12.833,141.65,1988-02-20T00:00:00Z
-12.55,141.45,1988-02-20T00:00:00Z
-12.833,141.65,1989-11-28T00:00:00Z
-12.8,141.7,1989-12-01T00:00:00Z
-12.55,141.433,1987-03-01T00:00:00Z
-12.55,141.267,1987-03-01T00:00:00Z
-12.717,141.717,1987-09-23T00:00:00Z
-12.65,141.55,1988-06-16T00:00:00Z
-12.633,141.717,1988-06-17T00:00:00Z
-12.8,141.7,1989-03-10T00:00:00Z
-12.65,141.667,1988-10-09T00:00:00Z
-12.733,141.65,1988-10-11T00:00:00Z
-12.8,141.7,1990-08-18T00:00:00Z
-12.633,141.717,1992-01-04T00:00:00Z
-12.5,141.267,1992-01-05T00:00:00Z
-12.833,141.65,1992-04-01T00:00:00Z
-12.8,141.7,1988-07-11T00:00:00Z
-12.717,141.55,1989-04-07T00:00:00Z
-12.65,141.533,1989-10-02T00:00:00Z
-12.833,141.65,1990-02-24T00:00:00Z
-12.65,141.55,1990-03-30T00:00:00Z
-12.633,141.717,1992-02-05T00:00:00Z
-12.733,141.65,1991-04-16T00:00:00Z
-12.767,141.333,1986-10-05T00:00:00Z
-12.55,141.45,1991-04-14T00:00:00Z
-12.267,141.567,1986-11-02T00:00:00Z
-12.65,141.617,1987-09-20T00:00:00Z
-12.55,141.55,1988-06-16T00:00:00Z
-12.65,141.55,1989-02-10T00:00:00Z
-12.833,141.65,1989-04-06T00:00:00Z
-27.31142,153.21431,2010-01-13T00:00:00Z
-27.38712,153.158839,2009-02-04T00:00:00Z
-34.2568,151.3805,2010-09-20T17:51:12Z
-33.5013,152.1654,2008-10-17T11:07:40Z
-32.3036,153.3501,2009-10-24T13:42:20Z
-35.4881,151.1572,2010-09-23T18:49:59Z
-33.9858,152.3226,2008-10-15T10:29:08Z
-35.4195,151.0043,2010-10-03T14:54:56Z
-33.9665,151.7518,2008-10-15T21:56:23Z
-34.0682,151.9987,2009-10-24T16:31:30Z
-35.3215,150.768,2010-09-23T23:34:49Z
-33.1975,152.6122,2009-10-21T16:44:37Z
-33.0482,152.3656,2009-10-21T20:37:08Z
-32.2721,153.6267,2010-10-26T04:39:00Z
-33.9776,152.2486,2008-10-15T11:53:59Z
-35.5168,150.7154,2010-09-19T13:41:23Z
-34.2706,152.1922,2010-09-20T13:12:08Z
-32.3058,153.5856,2009-10-24T16:39:58Z
-32.8699,152.1011,2008-10-18T19:31:10Z
-34.0674,151.5992,2009-10-25T21:01:46Z
-32.759,152.4162,2008-10-18T21:35:22Z
-34,152.1667,2008-10-15T13:14:27Z
-30.25,153.55,1939-05-05T00:00:00Z
-32.7,152.32,1940-04-20T00:00:00Z
-34.07,151.25,1940-08-11T00:00:00Z
-35.5,135.82,1939-12-10T00:00:00Z
-43.73,147.28,1938-05-28T00:00:00Z
-30.32,153.55,1939-07-16T00:00:00Z
-34.23,151.67,1939-11-23T00:00:00Z
-43.27,148.22,1938-10-21T00:00:00Z
-42.65,148.33,1938-06-01T00:00:00Z
-24.5,153.43,1938-09-20T00:00:00Z
-30.28,153.27,1940-04-22T00:00:00Z
-35.23,150.72,1939-12-28T00:00:00Z
-32.57,152.92,1939-05-03T00:00:00Z
-34.92,151.25,1940-01-09T00:00:00Z
-28.7,153.73,1939-09-15T00:00:00Z
-34.08,151.23,1938-12-14T00:00:00Z
-28.75,153.93,1939-09-15T00:00:00Z
-42.57,148.62,1940-08-31T00:00:00Z
-36.27,150.27,1941-01-31T00:00:00Z
-36.3,150.47,1941-01-31T00:00:00Z
-37.23,150.38,1938-08-14T00:00:00Z
-35.12,150.85,1941-01-16T00:00:00Z
-43.17,148.33,1940-08-30T00:00:00Z
-35.27,150.3833333,1954-01-05T00:00:00Z
-39.06666667,150.0833333,1953-09-09T00:00:00Z
-30.283,153.267,1953-10-02T00:00:00Z
-34.067,151.25,1953-05-19T00:00:00Z
-33.3,152.283,1954-01-11T00:00:00Z
-39.06666667,150.0833333,1952-04-22T00:00:00Z
-34.067,151.25,1953-05-25T00:00:00Z
-34.067,151.25,1953-04-21T00:00:00Z
-29.133,153.633,1953-10-04T00:00:00Z
-33.3,151.41,1954-01-11T00:00:00Z
-34.067,151.25,1953-07-06T00:00:00Z
-33.083,152.65,1954-01-12T00:00:00Z
-38.5,148.5,1952-03-29T00:00:00Z
-27.383,153.583,1952-06-18T00:00:00Z
-43.216,148.116,1950-10-01T00:00:00Z
-43.216,148.116,1953-06-17T00:00:00Z
-42.32,148.3,1950-11-29T00:00:00Z
-42.32,148.3,1953-06-15T00:00:00Z
-42.32,148.3,1953-10-28T00:00:00Z
-38.5,144.5,1952-07-23T00:00:00Z
-39.9,146.33,1948-12-08T00:00:00Z
-33.517,151.517,1954-01-10T00:00:00Z
-38.5,148.5,1952-03-21T00:00:00Z
-43.216,148.116,1949-04-08T00:00:00Z
-38.5,144.5,1954-03-12T00:00:00Z
-34,151.283,1953-04-22T00:00:00Z
-43.216,148.116,1950-08-15T00:00:00Z
-42.32,148.3,1950-12-14T00:00:00Z
-38.5,144.5,1953-08-15T00:00:00Z
-38.5,144.5,1949-06-12T00:00:00Z
-31.135,111.7683,2003-10-06T03:43:00Z
-31.135,111.7683,2003-10-08T03:17:00Z
-12.733,141.65,1989-04-08T00:00:00Z
-12.55,141.267,1987-06-28T00:00:00Z
-12.633,141.15,1991-04-15T00:00:00Z
-12.467,141.267,1988-01-19T00:00:00Z
-32.89,152.5963,2008-10-18T17:39:30Z
-32.78,152.23,1940-01-11T00:00:00Z
-32.8,152.4,1939-07-24T00:00:00Z
-12.8,141.7,1989-08-02T00:00:00Z
-12.85,141.567,1989-10-31T00:00:00Z
-37.07,150.03,1940-08-21T00:00:00Z
-12.733,141.65,1991-09-06T00:00:00Z
-12.55,141.55,1992-02-05T00:00:00Z
-12.8,141.7,1988-03-21T00:00:00Z
-12.55,141.55,1990-11-16T00:00:00Z
-12.633,141.717,1989-01-11T00:00:00Z
-12.75,141.567,1990-02-27T00:00:00Z
-12.667,141.433,1987-10-23T00:00:00Z
-12.8,141.7,1990-04-25T00:00:00Z
-33.9669,151.8354,2008-10-15T20:41:05Z
-42.667,148.12,1990-03-15T00:00:00Z
-37.17,150.13,1938-08-15T00:00:00Z
-34.23,151.58,1938-11-02T00:00:00Z
-30.8333,115.5833,1998-07-01T00:00:00Z
-32.9995,152.2539,2008-10-18T17:08:21Z
-34.0655,151.8981,2009-10-24T17:35:30Z
-14.0364,121.85604,2009-06-05T14:00:05Z
-13.94764,121.98077,2009-06-03T13:58:03Z
-13.94574,121.98455,2009-06-03T20:03:03Z
-14.1,121.85167,2008-12-02T14:00:02Z
-14.09958,121.85238,2009-05-30T20:00:30Z
-12.55,141.433,1986-09-04T00:00:00Z
-12.8,141.7,1988-09-13T00:00:00Z
-12.55,141.55,1990-10-17T00:00:00Z
-12.85,141.567,1991-12-06T00:00:00Z
-12.717,141.717,1990-09-18T00:00:00Z
-12.75,141.567,1988-01-19T00:00:00Z
-12,141,1975-08-01T00:00:00Z
-14,138,1975-08-01T00:00:00Z
-14,141,1975-08-01T00:00:00Z
-14,139,1975-10-01T00:00:00Z
-17,140,1975-10-01T00:00:00Z
-17,140,1975-11-01T00:00:00Z
-12,138,1976-05-01T00:00:00Z
-13,138,1976-05-01T00:00:00Z
-13.5,136.4,1976-05-01T00:00:00Z
-15,140,1976-05-01T00:00:00Z
-16,137.5,1976-05-01T00:00:00Z
-16,139,1976-05-01T00:00:00Z
-17.5,140.5,1976-05-01T00:00:00Z
-15,140,1976-06-01T00:00:00Z
-16,137.5,1976-06-01T00:00:00Z
-15,140,1976-09-01T00:00:00Z
-12,137,1976-11-01T00:00:00Z
-14,137,1976-11-01T00:00:00Z
-15,140,1976-11-01T00:00:00Z
-16,139,1976-11-01T00:00:00Z
-12,137,1977-01-01T00:00:00Z
-15,136,1977-01-01T00:00:00Z
-16,140,1977-03-01T00:00:00Z
-17.5,140.5,1977-03-01T00:00:00Z
-19.3,146.96,1985-09-01T00:00:00Z
-12.55,141.45,1987-12-19T18:09:00Z
-12.65,141.65,1988-01-18T20:50:00Z
-12.75,141.75,1988-02-20T00:25:00Z
-12.65,141.65,1986-05-08T18:58:00Z
-12.65,141.15,1986-05-09T23:27:00Z
-12.75,141.75,1986-05-11T04:55:00Z
-12.55,141.45,1988-02-20T20:26:00Z
-12.55,141.45,1986-07-07T18:54:00Z
-12.75,141.75,1986-08-11T06:15:00Z
-12.65,141.65,1986-09-03T19:10:00Z
-12.75,141.75,1986-12-04T04:13:00Z
-12.55,141.25,1986-12-29T21:50:00Z
-12.65,141.65,1987-05-24T19:19:00Z
-12.65,141.15,1987-01-30T00:45:00Z
-12.65,141.65,1987-07-24T18:52:00Z
-12.65,141.15,1987-05-26T22:37:00Z
-12.55,141.25,1987-09-21T20:10:00Z
-42.573,147.9921,2000-06-01T00:00:00Z
-42.573,147.9921,2000-08-01T00:00:00Z
-42.573,147.9921,2001-03-01T00:00:00Z
-11.64252,130.20563,2005-08-19T14:50:00Z
-21.8,151.9,1988-01-01T00:00:00Z
-19.5,148.1,1988-01-01T00:00:00Z
-18.7,147.2,1988-01-01T00:00:00Z
-15.4,145.7,1988-01-01T00:00:00Z
-19.6,149.6,1988-01-01T00:00:00Z
-17.9,141,1988-01-01T00:00:00Z
-20.9,151,1988-01-01T00:00:00Z
-18.2,147,1988-01-01T00:00:00Z
-14.5,145.1,1988-01-01T00:00:00Z
-19.7,149.3,1988-01-01T00:00:00Z
-21.1,151.5,1988-01-01T00:00:00Z
-20.9,150.8,1988-01-01T00:00:00Z
-16.7,145.9,1988-01-01T00:00:00Z
-21.7,152.2,1988-01-01T00:00:00Z
-15.4,145.4,1988-01-01T00:00:00Z
-19.8,148.7,1988-01-01T00:00:00Z
-18.6,147.1,1988-01-01T00:00:00Z
-18.1,146.4,1988-01-01T00:00:00Z
-21.8,152,1988-01-01T00:00:00Z
-20.7,151.7,1988-01-01T00:00:00Z
-21,151.1,1988-01-01T00:00:00Z
-19.3,147.1,1988-01-01T00:00:00Z
-21.3,151.2,1988-01-01T00:00:00Z
-19.8,148.6,1988-01-01T00:00:00Z
-21,150.9,1988-01-01T00:00:00Z
-18.7,147.8,1988-01-01T00:00:00Z
-42.68028,148.2653,1972-11-01T00:00:00Z
-42.2875,148.3417,1972-10-01T00:00:00Z
-42.85611,148.035,1972-08-01T00:00:00Z
-42.56,148.2975,1972-06-01T00:00:00Z
-42.28639,148.6194,1972-11-01T00:00:00Z
-42.27139,148.4725,1972-08-01T00:00:00Z
-42.26583,148.7808,1972-08-01T00:00:00Z
-42.84667,148.3981,1972-08-01T00:00:00Z
-35.2409,117.38,1993-01-13T00:00:00Z
-35.26,118.0305,1993-01-13T00:00:00Z
-34.4786,119.0907,1993-01-14T00:00:00Z
-34.4323,119.3731,1993-01-14T00:00:00Z
-34.3475,119.3399,1993-01-14T00:00:00Z
-34.1395,119.55,1993-01-16T00:00:00Z
-33.59,121.08,1993-01-14T00:00:00Z
-34.07,122.25,1993-01-13T00:00:00Z
-33.5905,121.4701,1992-07-22T00:00:00Z
-34.11,121.09,1992-07-22T00:00:00Z
-35.0809,118.1306,1992-07-21T00:00:00Z
-34.3806,118.4902,1992-07-23T00:00:00Z
-34.3881,119.3795,1992-07-21T00:00:00Z
-34.1,122.252,1992-07-21T00:00:00Z
-34.1,121.5007,1992-07-21T00:00:00Z
-30.8333,115.3333,1997-08-01T00:00:00Z
-30.8333,115.3833,1997-12-01T00:00:00Z
-30.8333,115.3333,1998-06-01T00:00:00Z
-30.8333,115.5333,1998-11-01T00:00:00Z
-30.8333,115.3333,1998-11-01T00:00:00Z
-30.8333,115.3333,1997-01-01T00:00:00Z
-30.8333,115.6333,1997-03-01T00:00:00Z
-30.8333,115.3333,1997-11-01T00:00:00Z
-30.8333,115.5833,1998-04-01T00:00:00Z
-30.8333,115.3333,1997-03-01T00:00:00Z
-30.8333,115.6833,1997-04-01T00:00:00Z
-30.8333,115.6333,1997-05-01T00:00:00Z
-30.8333,115.3833,1997-05-01T00:00:00Z
-30.8333,115.5833,1997-06-01T00:00:00Z
-30.8333,115.4333,1997-09-01T00:00:00Z
-30.8333,115.5833,1998-08-01T00:00:00Z
-30.8333,115.3833,1998-09-01T00:00:00Z
-30.8333,115.4833,1997-01-01T00:00:00Z
-41,148.866,2006-06-01T00:00:00Z
-40.333,148.651,2005-06-01T00:00:00Z
-39.667,148.584,2005-06-01T00:00:00Z
-42,148.467,2006-06-01T00:00:00Z
-40,148.543,2005-06-01T00:00:00Z
-43.25,148.345,2006-06-01T00:00:00Z
-41.25,148.48,2006-06-01T00:00:00Z
-40.5,148.833,2006-06-01T00:00:00Z
-43.683,147.667,2006-06-01T00:00:00Z
-43.75,148,2006-06-01T00:00:00Z
-40.833,148.634,2005-06-01T00:00:00Z
-42.167,148.45,2005-06-01T00:00:00Z
-40.75,148.592,2006-06-01T00:00:00Z
-42.75,148.358,2006-06-01T00:00:00Z
-43.95,146,2006-06-01T00:00:00Z
-42.67,148.299,2005-06-01T00:00:00Z
-42.5,148.384,2005-06-01T00:00:00Z
-21.62,114.16,1998-10-24T08:30:00Z
-21.83,114.51,1999-01-15T08:55:00Z
-21.83,114.51,1999-02-16T08:30:00Z
-21.62,114.16,1998-11-18T08:55:00Z
-16.525,145.342,2001-02-04T00:00:00Z
-16.011,145.109,2001-08-26T00:00:00Z
-16.169,145.787,2000-08-05T00:00:00Z
-16.215,145.029,2000-08-11T00:00:00Z
-16.89,145.132,2001-02-02T00:00:00Z
-16.207,145.795,2001-01-29T00:00:00Z
-16.87,145.834,2000-08-04T00:00:00Z
-20.5919,148.869,2014-06-01T14:20:00Z
-19.7975,149.419,2014-06-01T10:30:00Z
-20.3483,148.939,2014-06-01T18:10:00Z
-20.2457,149.17,2014-06-01T00:15:00Z
-19.7438,149.152,2014-06-01T09:20:00Z
-11.49,136.228,2011-12-06T10:30:00Z
-15.77167,123.845,2011-10-11T10:45:00Z
-31.135,111.7683,2003-10-03T07:52:00Z
-27.12332,153.27605,2011-12-19T11:36:44Z
-27.16981,153.32136,2011-02-26T10:46:53Z
-27.12277,153.27585,2011-05-27T13:35:03Z
-27.24807,153.26822,2011-12-18T12:17:48Z
-27.15291,153.12021,2011-01-28T12:29:27Z
-13.95438,121.97871,2009-06-04T00:00:00Z
-16.05333,123.87333,2011-01-21T13:16:00Z
-5.52056,146.15544,2009-01-31T21:15:00Z
-27.40713,153.37846,2011-02-27T15:11:19Z
-36.16101333,139.647165,2012-11-01T00:00:00Z
-36.07054833,139.5986717,2012-09-01T00:00:00Z
-35.79604667,139.317985,2012-10-01T00:00:00Z
-35.902045,139.317985,2012-08-01T00:00:00Z
-5.15425,145.84497,2009-02-06T15:59:00Z
-12.63098,130.9436,2004-07-14T00:00:00Z
-12.60091,130.92229,2003-06-25T00:00:00Z
-12.40904,130.75487,2003-02-26T00:00:00Z
-12.53746,130.9713,2003-06-26T00:00:00Z
-12.39952,130.76718,2004-10-20T00:00:00Z
-12.39952,130.76718,2004-12-08T00:00:00Z
-12.68958,130.9584,2004-07-14T00:00:00Z
-12.60075,130.91882,2002-12-12T00:00:00Z
-27.15355,153.1212,2011-05-28T09:06:25Z
-27.30388,153.19502,2011-12-18T10:03:38Z
-27.38784,153.21406,2011-01-26T12:15:13Z
-12.317,140.917,1987-11-21T00:00:00Z
-12.85,141.633,1987-03-03T00:00:00Z
-12.667,141.433,1987-09-22T00:00:00Z
-12.417,141.433,1988-08-12T00:00:00Z
-12.717,141.717,1988-11-08T00:00:00Z
-12.55,141.45,1988-11-09T00:00:00Z
-12.833,141.65,1988-02-21T00:00:00Z
-12.833,141.65,1988-03-19T00:00:00Z
-12.65,141.55,1989-08-03T00:00:00Z
-12.733,141.65,1990-09-19T00:00:00Z
-12.65,141.55,1991-01-16T00:00:00Z
-12.55,141.55,1991-01-16T00:00:00Z
-12.733,141.65,1992-04-01T00:00:00Z
-12.75,141.567,1991-08-10T00:00:00Z
-12.467,141.533,1986-09-03T00:00:00Z
-12.767,141.333,1987-01-30T00:00:00Z
-12.55,140.45,1987-07-27T00:00:00Z
-12.85,141.567,1988-07-13T00:00:00Z
-12.8,141.7,1989-02-09T00:00:00Z
-12.8,141.7,1988-10-11T00:00:00Z
-12.85,141.567,1988-11-09T00:00:00Z
-12.55,141.55,1988-03-20T00:00:00Z
-12.8,141.7,1990-10-15T00:00:00Z
-12.833,141.65,1990-01-29T00:00:00Z
-12.65,141.667,1991-11-10T00:00:00Z
-12.75,141.567,1991-03-17T00:00:00Z
-12.85,141.633,1987-08-26T00:00:00Z
-12.75,141.433,1988-04-16T00:00:00Z
-12.717,141.717,1988-07-11T00:00:00Z
-12.85,141.567,1989-05-06T00:00:00Z
-12.733,141.65,1991-02-14T00:00:00Z
-12.65,141.55,1990-02-27T00:00:00Z
-12.733,141.65,1990-08-18T00:00:00Z
-12.717,141.717,1990-08-18T00:00:00Z
-12.75,141.567,1990-08-22T00:00:00Z
-12.8,141.7,1992-02-04T00:00:00Z
-12.667,141.833,1992-03-28T00:00:00Z
-12.65,141.55,1991-04-15T00:00:00Z
-12.8,141.7,1991-10-07T00:00:00Z
-12.85,141.567,1989-02-10T00:00:00Z
-12.75,141.433,1988-09-12T00:00:00Z
-12.733,141.65,1988-03-18T00:00:00Z
-12.65,141.667,1988-03-19T00:00:00Z
-12.633,141.717,1990-10-19T00:00:00Z
-12.65,141.667,1991-03-15T00:00:00Z
-12.75,141.567,1988-12-09T00:00:00Z
-12.633,141.717,1988-02-19T00:00:00Z
-12.633,141.15,1988-02-21T00:00:00Z
-12.733,141.65,1990-02-23T00:00:00Z
-12.633,141.717,1990-02-28T00:00:00Z
-12.717,141.717,1990-08-21T00:00:00Z
-12.85,141.567,1990-08-22T00:00:00Z
-12.95,141.517,1987-04-29T00:00:00Z
-12.65,141.617,1986-09-03T00:00:00Z
-12.333,140.75,1987-07-26T00:00:00Z
-12.85,141.567,1989-03-09T00:00:00Z
-12.733,141.65,1989-10-30T00:00:00Z
-12.733,141.65,1990-01-29T00:00:00Z
-12.733,141.65,1990-03-31T00:00:00Z
-12.733,141.65,1991-08-11T00:00:00Z
-12.55,140.65,1987-07-27T00:00:00Z
-12.75,141.433,1989-03-09T00:00:00Z
-12.633,141.717,1990-10-16T00:00:00Z
-12.633,141.717,1989-11-30T00:00:00Z
-12.55,141.55,1992-03-31T00:00:00Z
-27.3825,153.391667,2011-01-19T00:00:00Z
-27.3825,153.391667,2010-02-09T00:00:00Z
-38.400679,142.582464,2009-11-16T00:00:00Z
-38.400679,142.582464,2010-01-18T00:00:00Z
-38.397913,142.510119,2009-12-15T00:00:00Z
-32.8387,152.5318,2008-10-18T19:07:52Z
-33.2963,153.5259,2009-10-21T11:44:35Z
-34.0672,151.7977,2009-10-25T18:57:23Z
-33.2963,153.5259,2009-10-21T11:39:35Z
-32.5928,153.6467,2010-10-24T04:59:00Z
-32.2943,152.9987,2010-10-26T20:41:00Z
-31.9092,152.9547,2010-09-29T20:54:20Z
-33.2162,152.6739,2009-10-19T15:35:36Z
-32.3329,155.4837,2008-10-12T13:38:32Z
-33.9669,151.8354,2008-10-15T20:46:05Z
-31.7527,152.8998,2010-10-01T17:33:05Z
-42.667,148.12,1991-04-08T00:00:00Z
-42.667,148.12,1989-01-11T00:00:00Z
-42.667,148.12,1991-01-30T00:00:00Z
-24.33,153.03,1938-09-19T00:00:00Z
-35.12,150.83,1939-02-07T00:00:00Z
-30.47,153.28,1939-07-17T00:00:00Z
-35.05,151.15,1939-10-04T00:00:00Z
-34.13,151.6,1940-02-27T00:00:00Z
-31.03,153.1,1938-09-26T00:00:00Z
-37.15,150.05,1938-08-15T00:00:00Z
-37.12,150.03,1939-02-08T00:00:00Z
-39.93,148.6,1939-10-16T00:00:00Z
-33.95,151.55,1940-10-31T00:00:00Z
-32.72,152.3,1940-08-03T00:00:00Z
-24.35,153.37,1939-07-07T00:00:00Z
-37.23,150.38,1938-10-13T00:00:00Z
-28.63,153.73,1939-05-06T00:00:00Z
-38.45,140.48,1939-12-17T00:00:00Z
-35.97,150.32,1938-11-16T00:00:00Z
-41.23,148.67,1939-06-12T00:00:00Z
-36.25,150.48,1940-02-25T00:00:00Z
-31.13,153.33,1940-04-21T00:00:00Z
-41.28,148.43,1939-04-10T00:00:00Z
-33.98,151.67,1941-01-11T00:00:00Z
-39.75,148.58,1938-08-05T00:00:00Z
-27.03,153.8,1939-05-14T00:00:00Z
-37.53,150.4,1939-12-26T00:00:00Z
-36.25,150.42,1939-05-31T00:00:00Z
-31.15,153.37,1939-09-16T00:00:00Z
-30.3,153.27,1940-01-13T00:00:00Z
-39.33,148.83,1940-05-06T00:00:00Z
-17,110,1962-01-01T00:00:00Z
-34.067,151.25,1953-08-03T00:00:00Z
-30.283,153.267,1954-04-01T00:00:00Z
-39.06666667,150.0833333,1953-08-07T00:00:00Z
-32.71666667,152.3,1954-01-12T00:00:00Z
-31.43,153.1,1953-10-01T00:00:00Z
-34.067,151.25,1953-10-06T00:00:00Z
-35.27,150.3833333,1953-08-05T00:00:00Z
-38.5,148.5,1949-01-25T00:00:00Z
-38.5,148.5,1954-03-09T00:00:00Z
-38.5,144.5,1951-03-14T00:00:00Z
-39.9,146.33,1951-04-12T00:00:00Z
-38.5,144.5,1953-06-08T00:00:00Z
-39.9,146.33,1949-03-12T00:00:00Z
-29.133,153.633,1953-08-03T00:00:00Z
-39.06666667,150.0833333,1953-05-13T00:00:00Z
-38.5,148.5,1949-12-16T00:00:00Z
-38.5,144.5,1952-12-16T00:00:00Z
-38.5,144.5,1950-10-24T00:00:00Z
-39.9,146.33,1951-07-10T00:00:00Z
-42.32,148.3,1953-11-20T00:00:00Z
-43.216,148.116,1952-03-18T00:00:00Z
-12.55,141.55,1989-03-08T00:00:00Z
-12.65,141.533,1989-04-07T00:00:00Z
-33.0165,152.2829,2009-10-21T21:38:29Z
-42.667,148.12,1990-02-14T00:00:00Z
-36.27,150.27,1940-08-21T00:00:00Z
-12.667,141.833,1992-01-04T00:00:00Z
-12.717,141.717,1991-03-15T00:00:00Z
-12.733,141.65,1989-11-02T00:00:00Z
-12.717,141.717,1990-01-29T00:00:00Z
-12.233,140.5,1987-07-26T00:00:00Z
-12.717,141.717,1988-02-22T00:00:00Z
-12.667,141.833,1992-02-04T00:00:00Z
-32.2721,153.6267,2010-10-26T04:35:00Z
-35.4766,151.1498,2010-10-03T13:08:29Z
-30.8333,115.6833,1998-11-01T00:00:00Z
-33.0476,152.3334,2008-10-18T15:50:23Z
-14.03667,121.85667,2008-12-09T02:00:09Z
-13.94882,121.98642,2009-06-04T01:55:04Z
-13.94688,121.97912,2009-06-03T08:03:03Z
-14.03667,121.855,2009-11-30T02:00:30Z
-14.22667,121.65833,2008-12-04T14:00:04Z
-14.22167,121.65667,2008-12-04T20:00:04Z
-14.22667,121.65667,2008-06-30T08:00:30Z
-14.22667,121.65833,2008-12-04T08:00:04Z
-14.03667,121.85667,2009-11-29T08:00:29Z
-14.225,121.65833,2009-12-02T02:00:02Z
-13.94667,121.98,2008-06-28T20:00:28Z
-14.09619,121.85194,2009-06-09T13:23:09Z
-12.717,141.717,1988-01-21T00:00:00Z
-12.8,141.7,1989-04-05T00:00:00Z
-12.55,141.55,1990-01-28T00:00:00Z
-12.833,141.65,1988-04-14T00:00:00Z
-12.717,141.717,1989-01-14T00:00:00Z
-12.8,141.7,1988-01-21T00:00:00Z
-12.633,141.717,1990-08-21T00:00:00Z
-12.317,141.45,1986-08-08T00:00:00Z
-33.56,152.7555,2010-09-26T22:38:04Z
-14,140,1975-08-01T00:00:00Z
-12,139,1975-10-01T00:00:00Z
-13,138,1975-10-01T00:00:00Z
-16,140,1975-10-01T00:00:00Z
-16,141,1975-10-01T00:00:00Z
-13,140,1975-11-01T00:00:00Z
-14,137,1975-11-01T00:00:00Z
-16,137.5,1975-11-01T00:00:00Z
-14,137,1976-05-01T00:00:00Z
-14,139,1976-05-01T00:00:00Z
-17,140,1976-05-01T00:00:00Z
-13,140,1976-09-01T00:00:00Z
-15,136,1976-09-01T00:00:00Z
-13,138,1976-11-01T00:00:00Z
-16,140,1976-11-01T00:00:00Z
-12,140,1977-01-01T00:00:00Z
-12,141,1977-01-01T00:00:00Z
-14,137,1977-01-01T00:00:00Z
-16,137.5,1977-01-01T00:00:00Z
-17,140,1977-01-01T00:00:00Z
-17.5,140.5,1977-01-01T00:00:00Z
-13,140,1977-03-01T00:00:00Z
-14,140,1977-03-01T00:00:00Z
-12,140,1977-05-01T00:00:00Z
-12.25,141.5,1977-05-01T00:00:00Z
-14,140,1977-05-01T00:00:00Z
-15,136,1977-05-01T00:00:00Z
-44.3028,147.1266,1992-02-01T00:00:00Z
-12.55,141.45,1986-04-09T04:53:00Z
-12.65,141.65,1986-06-06T19:56:00Z
-12.65,141.65,1986-03-10T19:20:00Z
-12.55,141.25,1986-03-11T21:52:00Z
-12.65,141.15,1986-06-07T23:58:00Z
-12.55,141.25,1986-10-04T21:24:00Z
-12.55,141.25,1987-03-30T21:40:00Z
-12.75,141.75,1987-04-30T04:39:00Z
-12.55,141.25,1986-11-02T21:27:00Z
-12.75,141.75,1987-01-31T04:24:00Z
-12.55,141.25,1987-08-24T00:00:00Z
-12.65,141.65,1987-11-20T18:35:00Z
-42.573,147.9921,2000-11-01T00:00:00Z
-42.573,147.9921,2001-01-01T00:00:00Z
-18.9,147.6,1988-01-01T00:00:00Z
-19,147.8,1988-01-01T00:00:00Z
-19.3,148,1988-01-01T00:00:00Z
-22,152.4,1988-01-01T00:00:00Z
-20,148.8,1988-01-01T00:00:00Z
-21.8,152.2,1988-01-01T00:00:00Z
-17.4,146.2,1988-01-01T00:00:00Z
-17.2,146.4,1988-01-01T00:00:00Z
-19.7,149.6,1988-01-01T00:00:00Z
-17.7,146.2,1988-01-01T00:00:00Z
-19.6,149.5,1988-01-01T00:00:00Z
-14.6,145.3,1988-01-01T00:00:00Z
-16.6,146.1,1988-01-01T00:00:00Z
-17,146.4,1988-01-01T00:00:00Z
-17.6,146.6,1988-01-01T00:00:00Z
-21.1,151,1988-01-01T00:00:00Z
-18.4,147,1988-01-01T00:00:00Z
-18.1,147.3,1988-01-01T00:00:00Z
-14.4,144.8,1988-01-01T00:00:00Z
-17.2,146.3,1988-01-01T00:00:00Z
-14.4,144.9,1988-01-01T00:00:00Z
-17.7,146.3,1988-01-01T00:00:00Z
-16.3,145.6,1988-01-01T00:00:00Z
-21.5,151.5,1988-01-01T00:00:00Z
-17.4,146.4,1988-01-01T00:00:00Z
-18.2,147.2,1988-01-01T00:00:00Z
-19.9,148.5,1988-01-01T00:00:00Z
-18.3,147.1,1988-01-01T00:00:00Z
-19.4,147.9,1988-01-01T00:00:00Z
-18.2,146.2,1988-01-01T00:00:00Z
-42.69083,148.0981,1973-05-01T00:00:00Z
-42.25972,148.8022,1971-11-01T00:00:00Z
-42.29111,148.3183,1972-11-01T00:00:00Z
-42.675,148.4175,1973-05-01T00:00:00Z
-43.25222,148.4906,1972-11-01T00:00:00Z
-43.66444,148.5756,1973-05-01T00:00:00Z
-43.24944,148.3314,1972-06-01T00:00:00Z
-43.24639,148.1958,1972-08-01T00:00:00Z
-42.55639,148.6608,1972-06-01T00:00:00Z
-42.2675,148.7892,1972-06-01T00:00:00Z
-35.179,118.035,1993-01-13T00:00:00Z
-34.07,121.08,1993-01-14T00:00:00Z
-34.3407,119.13,1992-07-22T00:00:00Z
-35.03,118.15,1992-07-23T00:00:00Z
-34.0207,119.5709,1992-07-21T00:00:00Z
-33.5502,121.22,1992-07-23T00:00:00Z
-33.5507,122.0209,1992-07-21T00:00:00Z
-30.8333,115.5333,1997-03-01T00:00:00Z
-30.8333,115.3333,1997-05-01T00:00:00Z
-30.8333,115.4833,1997-06-01T00:00:00Z
-30.8333,115.4333,1997-06-01T00:00:00Z
-30.8333,115.3833,1997-11-01T00:00:00Z
-30.8333,115.5333,1998-02-01T00:00:00Z
-30.8333,115.5333,1998-03-01T00:00:00Z
-30.8333,115.6833,1997-05-01T00:00:00Z
-30.8333,115.4333,1997-11-01T00:00:00Z
-30.8333,115.5833,1998-01-01T00:00:00Z
-30.8333,115.5833,1997-12-01T00:00:00Z
-30.8333,115.3333,1997-12-01T00:00:00Z
-30.8333,115.4333,1998-01-01T00:00:00Z
-40.667,148.783,2005-06-01T00:00:00Z
-41.25,148.655,2006-06-01T00:00:00Z
-43.167,148.2,2005-06-01T00:00:00Z
-41.5,148.6,2005-06-01T00:00:00Z
-43.5,147.973,2005-06-01T00:00:00Z
-40.333,148.883,2005-06-01T00:00:00Z
-43.867,147.267,2006-06-01T00:00:00Z
-21.62,114.16,1997-12-03T08:55:00Z
-21.62,114.16,1997-11-02T09:45:00Z
-21.62,114.16,1998-02-22T08:30:00Z
-21.83,114.51,1998-11-22T08:20:00Z
-16.21,145.139,2001-08-23T00:00:00Z
-16.946,145.988,2001-08-29T00:00:00Z
-16.095,145.313,2002-03-21T00:00:00Z
-16.113,145.484,2000-08-08T00:00:00Z
-20.1756,148.954,2014-06-01T14:00:00Z
-11.29,133.617,2011-12-03T13:22:00Z
-10.792,133.605,2011-12-03T08:00:00Z
-5.53101,146.14268,2009-02-03T20:35:00Z
-5.53102,146.14339,2009-02-03T10:10:00Z
-15.73667,124.26917,2011-01-20T13:07:00Z
-5.50727,146.10918,2009-02-04T12:48:00Z
-27.11248,153.34035,2011-02-26T12:09:26Z
-14.12079,121.85195,2009-06-09T00:00:00Z
-27.29988,153.33408,2011-12-20T09:37:05Z
-31.135,111.7683,2003-10-07T19:43:00Z
-15.7725,123.845,2011-01-29T07:10:00Z
-16.07667,124.14667,2011-10-15T11:28:00Z
-16.43833,124.35833,2011-10-12T11:57:00Z
-16.105,124.10833,2011-10-16T09:14:00Z
-27.15607,153.22115,2011-02-26T15:27:20Z
-27.15628,153.2215,2011-05-27T15:14:47Z
-27.3877,153.21414,2011-02-25T16:06:43Z
-27.11249,153.34,2011-01-27T12:20:06Z
-27.15311,153.12139,2011-02-27T11:44:07Z
-27.1106,153.16998,2011-12-19T08:10:01Z
-36.07054833,139.5986717,2012-10-01T00:00:00Z
-35.69561,139.162545,2012-07-01T00:00:00Z
-35.79604667,139.398055,2012-11-01T00:00:00Z
-35.549545,138.88273,2012-09-01T00:00:00Z
-5.53153,146.14917,2009-01-30T14:37:00Z
-3.150166,152.55058,2006-11-09T22:03:52Z
-3.094115,152.64898,2006-11-16T10:35:55Z
-12.68958,130.9584,2004-10-20T00:00:00Z
-12.40767,130.7574,2003-06-26T00:00:00Z
-12.59758,130.92597,2004-10-20T00:00:00Z
-12.60249,130.91696,2003-02-26T00:00:00Z
-12.45798,130.81,2004-07-15T00:00:00Z
-12.60075,130.91882,2004-02-17T00:00:00Z
-12.46855,130.79909,2003-12-03T00:00:00Z
-12.50351,130.8878,2004-10-17T00:00:00Z
-27.11258,153.34058,2011-12-19T10:38:09Z
-12.633,141.717,1988-01-18T00:00:00Z
-12.65,141.533,1987-08-23T00:00:00Z
-12.8,141.7,1988-06-14T00:00:00Z
-12.65,141.667,1988-07-11T00:00:00Z
-12.717,141.717,1989-02-09T00:00:00Z
-12.55,141.55,1989-04-06T00:00:00Z
-12.75,141.567,1989-05-06T00:00:00Z
-12.633,141.717,1988-10-09T00:00:00Z
-12.833,141.65,1988-11-08T00:00:00Z
-12.65,141.667,1990-09-19T00:00:00Z
-12.733,141.65,1991-02-17T00:00:00Z
-12.65,141.667,1990-04-24T00:00:00Z
-12.633,141.717,1992-03-29T00:00:00Z
-12.833,141.65,1991-08-10T00:00:00Z
-12.667,141.65,1986-03-10T00:00:00Z
-12.75,141.717,1986-03-13T00:00:00Z
-12.65,141.533,1987-04-27T00:00:00Z
-12.85,141.567,1989-01-13T00:00:00Z
-12.717,141.717,1988-08-15T00:00:00Z
-12.65,141.55,1988-11-09T00:00:00Z
-12.75,141.433,1988-11-10T00:00:00Z
-12.833,141.65,1988-11-10T00:00:00Z
-12.75,141.567,1990-09-16T00:00:00Z
-12.75,141.567,1990-10-16T00:00:00Z
-12.65,141.55,1990-10-16T00:00:00Z
-12.733,141.65,1990-02-28T00:00:00Z
-12.733,141.65,1990-08-21T00:00:00Z
-12.8,141.7,1990-09-15T00:00:00Z
-12.85,141.567,1992-03-05T00:00:00Z
-12.65,141.55,1991-04-14T00:00:00Z
-12.833,141.65,1991-10-07T00:00:00Z
-12.467,141.533,1987-02-28T00:00:00Z
-12.517,141.433,1986-12-30T00:00:00Z
-12.667,141.433,1987-03-02T00:00:00Z
-12.65,141.617,1986-08-07T00:00:00Z
-12.733,141.533,1987-09-22T00:00:00Z
-12.85,141.567,1988-07-12T00:00:00Z
-12.75,141.567,1988-07-13T00:00:00Z
-12.733,141.65,1989-03-10T00:00:00Z
-12.75,141.567,1988-10-10T00:00:00Z
-12.733,141.65,1988-11-12T00:00:00Z
-12.717,141.55,1988-02-21T00:00:00Z
-12.75,141.433,1989-08-31T00:00:00Z
-12.833,141.65,1989-09-01T00:00:00Z
-12.75,141.567,1990-09-17T00:00:00Z
-12.833,141.65,1988-12-09T00:00:00Z
-12.633,141.717,1990-01-29T00:00:00Z
-12.55,141.45,1990-02-27T00:00:00Z
-12.65,141.533,1987-03-29T00:00:00Z
-12.633,141.717,1988-07-11T00:00:00Z
-12.65,141.667,1988-03-20T00:00:00Z
-12.55,141.533,1989-10-02T00:00:00Z
-12.65,141.55,1990-01-27T00:00:00Z
-12.65,141.667,1990-01-29T00:00:00Z
-12.65,141.667,1990-03-30T00:00:00Z
-12.65,141.667,1991-12-05T00:00:00Z
-12.55,141.55,1991-04-14T00:00:00Z
-12.733,141.55,1987-11-25T00:00:00Z
-12.233,141.55,1986-08-08T00:00:00Z
-12.633,141.717,1988-04-15T00:00:00Z
-12.75,141.567,1988-06-16T00:00:00Z
-12.75,141.567,1988-07-12T00:00:00Z
-12.75,141.567,1989-02-08T00:00:00Z
-12.75,141.567,1989-02-10T00:00:00Z
-12.717,141.717,1989-03-10T00:00:00Z
-12.833,141.65,1990-09-18T00:00:00Z
-12.767,141.467,1986-03-12T00:00:00Z
-12.85,141.617,1987-01-31T00:00:00Z
-12.733,141.533,1986-07-08T00:00:00Z
-12.767,141.333,1987-08-25T00:00:00Z
-12.55,141.55,1988-11-11T00:00:00Z
-12.833,141.65,1990-09-19T00:00:00Z
-12.65,141.667,1990-10-16T00:00:00Z
-12.65,141.667,1991-01-14T00:00:00Z
-12.833,141.65,1991-01-15T00:00:00Z
-12.65,141.667,1988-02-19T00:00:00Z
-12.733,141.65,1992-03-03T00:00:00Z
-12.733,141.65,1991-03-18T00:00:00Z
-12.533,141.433,1986-06-07T00:00:00Z
-12.35,141.117,1987-07-25T00:00:00Z
-12.65,141.667,1989-04-08T00:00:00Z
-12.65,141.55,1990-09-16T00:00:00Z
-12.733,141.65,1990-10-19T00:00:00Z
-12.8,141.7,1988-12-11T00:00:00Z
-12.8,141.7,1988-02-20T00:00:00Z
-12.75,141.567,1990-08-20T00:00:00Z
-12.75,141.433,1992-01-06T00:00:00Z
-12.65,141.55,1989-01-12T00:00:00Z
-12.65,141.55,1990-11-16T00:00:00Z
-12.8,141.7,1991-01-14T00:00:00Z
-12.833,141.65,1991-03-16T00:00:00Z
-12.633,141.717,1991-09-06T00:00:00Z
-27.31142,153.21431,2011-01-19T00:00:00Z
-27.3825,153.391667,2010-01-13T00:00:00Z
-27.3825,153.391667,2009-02-04T00:00:00Z
-38.400679,142.582464,2010-03-16T00:00:00Z
-38.397425,142.553217,2010-03-16T00:00:00Z
-38.397425,142.553217,2009-11-16T00:00:00Z
-33.6658,153.1532,2009-10-17T20:15:08Z
-32.3058,153.5856,2009-10-24T16:44:58Z
-32.3329,155.4837,2008-10-12T13:33:32Z
-31.9443,153.1158,2010-09-29T23:38:51Z
-32.7954,152.4656,2008-10-18T20:22:01Z
-35.2585,151.2452,2010-09-19T23:13:23Z
-33.099,152.5413,2010-09-27T14:10:40Z
-33.9988,151.9178,2008-10-15T23:38:27Z
-35.4204,150.9988,2010-09-23T21:07:28Z
-33.9646,151.9275,2008-10-15T19:28:58Z
-31.7527,152.8998,2010-10-01T17:38:05Z
-35.4766,151.1498,2010-10-03T13:13:29Z
-32.9168,152.1658,2008-10-18T18:28:28Z
-32.6665,152.2834,2008-10-18T23:49:39Z
-32.9658,152.2009,2009-10-21T22:46:20Z
-42.667,148.12,1991-04-09T00:00:00Z
-42.667,148.12,1991-01-29T00:00:00Z
-39.43,148.83,1940-02-21T00:00:00Z
-34.1,151.23,1942-07-17T00:00:00Z
-34.1,151.23,1942-07-18T00:00:00Z
-38.58,149.43,1940-05-05T00:00:00Z
-36.23,150.42,1939-09-03T00:00:00Z
-37.1,150.03,1941-01-18T00:00:00Z
-37.17,150.27,1938-08-14T00:00:00Z
-34.07,151.25,1939-05-30T00:00:00Z
-43.22,148.07,1939-01-19T00:00:00Z
-35.15,151.1,1939-09-05T00:00:00Z
-25.83,153.33,1938-09-20T00:00:00Z
-36.22,150.25,1938-12-12T00:00:00Z
-32.67,152.37,1938-09-27T00:00:00Z
-31.03,153.12,1939-09-16T00:00:00Z
-35.13,150.82,1940-04-30T00:00:00Z
-36.03,150.27,1939-02-04T00:00:00Z
-34.07,151.27,1938-11-02T00:00:00Z
-37.17,150.4,1939-04-17T00:00:00Z
-27.03,153.92,1939-07-15T00:00:00Z
-37.22,150.37,1939-06-14T00:00:00Z
-23.08,152.05,1938-09-17T00:00:00Z
-40.25,144.05,1939-04-09T00:00:00Z
-36.27,150.27,1939-05-31T00:00:00Z
-23,110,1962-01-01T00:00:00Z
-39.06666667,150.0833333,1953-06-10T00:00:00Z
-34.067,151.25,1952-05-19T00:00:00Z
-34.067,151.25,1952-04-07T00:00:00Z
-34.067,151.25,1953-09-02T00:00:00Z
-39.06666667,150.0833333,1953-11-11T00:00:00Z
-31.43,153.1,1954-01-27T00:00:00Z
-39.06666667,150.0833333,1953-07-08T00:00:00Z
-27.383,153.583,1952-06-19T00:00:00Z
-37.05,150.383,1954-01-04T00:00:00Z
-34.067,151.25,1952-05-09T00:00:00Z
-38.5,148.5,1952-12-04T00:00:00Z
-38.5,148.5,1950-11-27T00:00:00Z
-38.5,148.5,1951-07-04T00:00:00Z
-42.32,148.3,1953-02-11T00:00:00Z
-42.32,148.3,1951-04-19T00:00:00Z
-42.32,148.3,1952-03-18T00:00:00Z
-42.32,148.3,1953-05-08T00:00:00Z
-38.5,144.5,1950-03-27T00:00:00Z
-29.133,153.633,1954-04-04T00:00:00Z
-38.5,148.5,1953-09-28T00:00:00Z
-38.5,144.5,1952-08-13T00:00:00Z
-38.5,144.5,1949-01-31T00:00:00Z
-30.283,153.267,1953-06-22T00:00:00Z
-34.067,151.25,1952-04-01T00:00:00Z
-38.5,148.5,1951-03-02T00:00:00Z
-43.216,148.116,1949-12-18T00:00:00Z
-42.32,148.3,1951-05-20T00:00:00Z
-43.216,148.116,1948-11-05T00:00:00Z
-42.32,148.3,1950-07-06T00:00:00Z
-43.216,148.116,1953-02-10T00:00:00Z
-12.85,141.567,1991-03-16T00:00:00Z
-12.5,141.267,1989-01-12T00:00:00Z
-12.717,141.717,1992-02-05T00:00:00Z
-12.717,141.717,1992-03-03T00:00:00Z
-33.9858,152.3226,2008-10-15T10:24:08Z
-33.5,152.0018,2008-10-17T08:16:20Z
-31.1,153.33,1938-09-26T00:00:00Z
-18.4,147.7,1981-01-01T00:00:00Z
-12.717,141.717,1992-03-29T00:00:00Z
-12.85,141.567,1989-09-30T00:00:00Z
-12.8,141.7,1990-04-27T00:00:00Z
-12.733,141.65,1988-07-11T00:00:00Z
-12.8,141.7,1989-10-03T00:00:00Z
-33.099,152.5413,2010-09-27T14:05:40Z
-35.3215,150.768,2010-09-23T23:29:49Z
-42.667,148.12,1991-02-27T00:00:00Z
-27.03,153.53,1939-07-06T00:00:00Z
-32.7053,153.6914,2009-10-18T12:42:04Z
-32.3538,153.5811,2010-10-25T01:08:00Z
-13.95438,121.97871,2009-06-04T12:14:04Z
-14.09833,121.85167,2009-11-25T08:00:25Z
-14.22659,121.66223,2009-06-01T20:00:01Z
-13.94667,121.98167,2009-11-27T12:00:27Z
-13.94667,121.98167,2009-11-27T20:00:27Z
-13.94667,121.98,2008-12-06T20:00:06Z
-14.09833,121.85,2008-12-02T20:00:02Z
-14.09938,121.8534,2009-05-31T02:00:31Z
-12.65,141.55,1989-09-30T00:00:00Z
-12.55,141.55,1990-09-17T00:00:00Z
-12.55,141.45,1989-02-10T00:00:00Z
-33.9665,151.7518,2008-10-15T22:01:23Z
-33.123,152.4137,2008-10-18T14:36:17Z
-34,151.1,1940-04-30T00:00:00Z
-12.633,141.717,1989-02-09T00:00:00Z
-14,139,1975-08-01T00:00:00Z
-16,139,1975-10-01T00:00:00Z
-12,140,1976-05-01T00:00:00Z
-12,141,1976-05-01T00:00:00Z
-16,141,1976-05-01T00:00:00Z
-17,140,1976-06-01T00:00:00Z
-12,137,1976-09-01T00:00:00Z
-12,140,1976-09-01T00:00:00Z
-12,141,1976-09-01T00:00:00Z
-13,138,1976-09-01T00:00:00Z
-14,138,1976-09-01T00:00:00Z
-17,140,1976-09-01T00:00:00Z
-14,141,1976-11-01T00:00:00Z
-16,137.5,1976-11-01T00:00:00Z
-16,141,1976-11-01T00:00:00Z
-12.25,141.5,1977-01-01T00:00:00Z
-16,139,1977-01-01T00:00:00Z
-13,138,1977-03-01T00:00:00Z
-16,137.5,1977-03-01T00:00:00Z
-14,141,1977-05-01T00:00:00Z
-34.99,117.41,1988-12-01T00:00:00Z
-12.55,141.25,1988-01-19T23:54:00Z
-12.55,141.25,1986-04-09T19:09:00Z
-12.55,141.25,1986-05-09T21:33:00Z
-12.65,141.65,1986-08-07T18:58:00Z
-12.55,141.45,1986-08-08T18:53:00Z
-12.55,141.25,1986-06-07T21:50:00Z
-12.75,141.75,1986-06-09T05:20:00Z
-12.55,141.45,1986-12-29T19:28:00Z
-12.75,141.75,1986-12-31T04:06:00Z
-12.55,141.45,1986-11-02T18:46:00Z
-12.55,141.25,1987-03-01T22:23:00Z
-12.65,141.65,1987-03-29T18:40:00Z
-12.55,141.45,1987-03-01T19:03:00Z
-12.65,141.15,1987-07-26T20:53:00Z
-12.65,141.65,1987-08-23T18:28:00Z
-12.55,141.25,1987-05-26T20:51:00Z
-12.65,141.15,1987-06-28T22:44:00Z
-12.75,141.75,1987-06-30T04:19:00Z
-12.65,141.15,1987-10-23T00:19:00Z
-12.55,141.45,1987-11-23T21:34:00Z
-12.55,141.45,1987-06-28T05:22:00Z
-12.75,141.75,1987-09-23T02:15:00Z
-11.65012,130.20693,2006-02-23T15:30:00Z
-19.1,147.7,1988-01-01T00:00:00Z
-21.2,151.9,1988-01-01T00:00:00Z
-19.7,148.3,1988-01-01T00:00:00Z
-21.8,152.1,1988-01-01T00:00:00Z
-21.3,151.4,1988-01-01T00:00:00Z
-19.8,149.3,1988-01-01T00:00:00Z
-16.2,145.6,1988-01-01T00:00:00Z
-18.5,147.4,1988-01-01T00:00:00Z
-19.6,149.4,1988-01-01T00:00:00Z
-21.9,151.4,1988-01-01T00:00:00Z
-19.2,147.8,1988-01-01T00:00:00Z
-14.2,144.6,1988-01-01T00:00:00Z
-14.8,145.7,1988-01-01T00:00:00Z
-19.8,148.5,1988-01-01T00:00:00Z
-21.9,151.8,1988-01-01T00:00:00Z
-20.7,150.7,1988-01-01T00:00:00Z
-16.8,146.3,1988-01-01T00:00:00Z
-21.6,151.4,1988-01-01T00:00:00Z
-21.6,151.7,1988-01-01T00:00:00Z
-18.1,146.8,1988-01-01T00:00:00Z
-19.7,149.8,1988-01-01T00:00:00Z
-17.6,146.5,1988-01-01T00:00:00Z
-20.8,150.6,1988-01-01T00:00:00Z
-21.1,151.4,1988-01-01T00:00:00Z
-14.6,145.6,1988-01-01T00:00:00Z
-19.1,147.9,1988-01-01T00:00:00Z
-21,151.9,1988-01-01T00:00:00Z
-42.67361,148.245,1971-12-01T00:00:00Z
-42.56444,148.1139,1971-08-01T00:00:00Z
-42.55,148.2739,1972-04-01T00:00:00Z
-42.48,148.4647,1971-08-01T00:00:00Z
-43.22889,148.3669,1971-11-01T00:00:00Z
-42.47139,148.6219,1972-04-01T00:00:00Z
-35.1709,117.38,1993-01-13T00:00:00Z
-34.02,119.55,1993-01-16T00:00:00Z
-34.214,121.3,1993-01-14T00:00:00Z
-33.533,121.55,1993-01-13T00:00:00Z
-34.26,122.25,1993-01-13T00:00:00Z
-34.2797,119.2799,1993-01-14T00:00:00Z
-35.1,117.5701,1992-07-23T00:00:00Z
-34.4502,118.3406,1992-07-23T00:00:00Z
-34.1211,119.3809,1992-07-21T00:00:00Z
-30.8333,115.5333,1998-06-01T00:00:00Z
-30.8333,115.6333,1997-06-01T00:00:00Z
-30.8333,115.3333,1997-06-01T00:00:00Z
-30.8333,115.6833,1997-06-01T00:00:00Z
-30.8333,115.4833,1997-07-01T00:00:00Z
-30.8333,115.5333,1998-04-01T00:00:00Z
-30.8333,115.6333,1998-08-01T00:00:00Z
-30.8333,115.3833,1997-01-01T00:00:00Z
-30.8333,115.3833,1998-02-01T00:00:00Z
-30.8333,115.5833,1998-03-01T00:00:00Z
-30.8333,115.3833,1998-05-01T00:00:00Z
-30.8333,115.3333,1998-09-01T00:00:00Z
-30.8333,115.4833,1998-10-01T00:00:00Z
-30.8333,115.3833,1997-04-01T00:00:00Z
-30.8333,115.3333,1997-07-01T00:00:00Z
-30.8333,115.6833,1998-04-01T00:00:00Z
-30.8333,115.6833,1998-08-01T00:00:00Z
-30.8333,115.3333,1998-10-01T00:00:00Z
-30.8333,115.5333,1997-04-01T00:00:00Z
-44,147.3,2006-06-01T00:00:00Z
-40.5,148.734,2005-06-01T00:00:00Z
-42.167,148.386,2005-06-01T00:00:00Z
-41,148.468,2005-06-01T00:00:00Z
-40,148.892,2005-06-01T00:00:00Z
-40.5,148.659,2006-06-01T00:00:00Z
-41.167,148.409,2005-06-01T00:00:00Z
-43.983,146.375,2006-06-01T00:00:00Z
-21.83,114.51,1998-10-20T08:55:00Z
-21.62,114.16,1998-01-24T08:47:00Z
-21.83,114.51,1998-01-25T08:50:00Z
-21.62,114.16,1999-01-19T09:56:00Z
-21.83,114.51,1999-02-12T09:00:00Z
-21.62,114.16,1999-02-15T08:40:00Z
-21.83,114.51,1998-12-19T09:30:00Z
-21.62,114.16,1998-12-20T09:20:00Z
-16.225,145.814,2002-03-07T00:00:00Z
-16.149,145.998,2002-03-15T00:00:00Z
-16.145,145.017,2001-08-27T00:00:00Z
-16.856,145.712,2000-08-02T00:00:00Z
-10.832,133.578,2011-12-02T14:00:00Z
-5.53072,146.14252,2009-02-03T11:35:00Z
-5.55573,146.34604,2009-02-02T20:22:00Z
-16.085,124.15667,2011-10-16T16:25:00Z
-16.39833,124.32167,2011-10-11T19:35:00Z
-16.06167,124.10667,2011-01-24T13:20:00Z
-16.1,124.11,2011-10-15T09:00:00Z
-3.14713,152.55169,2006-11-18T09:46:02Z
-27.24733,153.2678,2011-05-26T11:25:03Z
-27.12251,153.27611,2011-01-27T11:11:23Z
-31.135,111.7683,2003-10-08T08:05:00Z
-16.10167,124.13667,2011-10-11T15:49:00Z
-27.25917,153.22103,2011-05-26T12:50:57Z
-27.21135,153.23172,2011-05-26T10:22:27Z
-5.52763,146.14323,2009-02-03T20:00:00Z
-5.5239,146.16,2009-01-31T13:27:00Z
-36.16101333,139.647165,2012-10-01T00:00:00Z
-35.69561,139.162545,2012-10-01T00:00:00Z
-36.07054833,139.5986717,2012-07-01T00:00:00Z
-5.15385,145.84656,2009-02-06T19:41:00Z
-2.959146,152.52176,2006-11-20T05:41:11Z
-12.46833,130.46416,2003-12-04T00:00:00Z
-12.53708,130.9675,2003-09-19T00:00:00Z
-12.40221,130.75063,2004-07-14T00:00:00Z
-12.5909,130.89883,2003-09-18T00:00:00Z
-12.46833,130.46416,2003-09-19T00:00:00Z
-12.68958,130.9584,2004-12-08T00:00:00Z
-12.40767,130.7574,2003-12-03T00:00:00Z
-27.07722,153.2363,2011-12-19T09:26:25Z
-27.24728,153.2678,2011-02-25T11:14:31Z
-12.833,141.417,1987-03-02T00:00:00Z
-12.733,141.533,1986-08-10T00:00:00Z
-12.85,141.633,1987-10-24T00:00:00Z
-12.717,141.717,1988-07-13T00:00:00Z
-12.55,141.55,1988-10-10T00:00:00Z
-12.75,141.567,1988-11-11T00:00:00Z
-12.65,141.667,1988-02-22T00:00:00Z
-12.733,141.65,1990-10-16T00:00:00Z
-12.85,141.567,1989-10-29T00:00:00Z
-12.733,141.65,1990-01-26T00:00:00Z
-12.733,141.65,1991-11-09T00:00:00Z
-12.833,141.65,1992-01-05T00:00:00Z
-12.717,141.717,1992-04-01T00:00:00Z
-12.75,141.567,1991-08-12T00:00:00Z
-12.85,141.7,1987-11-25T00:00:00Z
-12.667,141.517,1987-01-28T00:00:00Z
-12.667,141.433,1987-08-25T00:00:00Z
-12.65,141.667,1989-09-29T00:00:00Z
-12.733,141.65,1990-10-15T00:00:00Z
-12.65,141.55,1989-11-30T00:00:00Z
-12.75,141.567,1992-02-05T00:00:00Z
-12.8,141.7,1992-03-03T00:00:00Z
-12.65,141.55,1992-03-04T00:00:00Z
-12.85,141.567,1991-08-10T00:00:00Z
-12.85,141.617,1987-12-21T00:00:00Z
-12.767,141.333,1987-03-02T00:00:00Z
-12.717,141.717,1989-03-07T00:00:00Z
-12.8,141.7,1988-11-12T00:00:00Z
-12.8,141.7,1990-09-18T00:00:00Z
-12.633,141.15,1991-01-16T00:00:00Z
-12.633,141.15,1990-08-20T00:00:00Z
-12.833,141.65,1992-03-30T00:00:00Z
-12.5,141.267,1988-05-15T00:00:00Z
-12.8,141.7,1989-02-08T00:00:00Z
-12.75,141.433,1989-02-11T00:00:00Z
-12.65,141.333,1989-03-09T00:00:00Z
-12.65,141.667,1988-10-11T00:00:00Z
-12.75,141.567,1988-11-09T00:00:00Z
-12.633,141.717,1988-03-18T00:00:00Z
-12.733,141.65,1989-08-29T00:00:00Z
-12.633,141.717,1990-10-15T00:00:00Z
-12.633,141.717,1989-10-01T00:00:00Z
-12.65,141.667,1989-10-03T00:00:00Z
-12.633,141.717,1991-03-18T00:00:00Z
-12.8,141.7,1991-10-09T00:00:00Z
-12.65,141.617,1987-02-28T00:00:00Z
-12.233,141.55,1987-01-29T00:00:00Z
-12.633,141.717,1989-02-07T00:00:00Z
-12.65,141.55,1989-04-06T00:00:00Z
-12.65,141.55,1988-09-11T00:00:00Z
-12.65,141.55,1988-10-10T00:00:00Z
-12.8,141.7,1989-09-29T00:00:00Z
-12.85,141.567,1991-02-17T00:00:00Z
-12.633,141.717,1989-10-29T00:00:00Z
-12.85,141.567,1990-02-27T00:00:00Z
-12.85,141.567,1990-08-20T00:00:00Z
-12.333,140.75,1987-11-22T00:00:00Z
-12.55,141.433,1986-08-08T00:00:00Z
-12.417,141.433,1987-08-24T00:00:00Z
-12.833,141.65,1988-06-17T00:00:00Z
-12.65,141.55,1988-07-12T00:00:00Z
-12.633,141.717,1989-01-14T00:00:00Z
-12.733,141.65,1988-09-10T00:00:00Z
-12.833,141.65,1990-03-31T00:00:00Z
-12.633,141.717,1991-12-05T00:00:00Z
-12.633,141.717,1991-12-08T00:00:00Z
-12.633,141.717,1992-04-01T00:00:00Z
-12.55,141.433,1987-01-29T00:00:00Z
-12.717,141.717,1987-06-30T00:00:00Z
-12.717,141.717,1988-06-17T00:00:00Z
-12.833,141.65,1988-10-10T00:00:00Z
-12.733,141.65,1989-09-29T00:00:00Z
-12.65,141.55,1990-10-18T00:00:00Z
-12.55,141.55,1988-01-19T00:00:00Z
-12.75,141.567,1990-01-27T00:00:00Z
-12.75,141.567,1990-03-29T00:00:00Z
-12.717,141.717,1991-12-08T00:00:00Z
-12.65,141.55,1992-01-05T00:00:00Z
-12.75,141.567,1992-03-04T00:00:00Z
-12.85,141.617,1987-07-29T00:00:00Z
-12.55,141.267,1987-07-26T00:00:00Z
-12.55,141.45,1988-10-08T00:00:00Z
-12.717,141.55,1988-03-20T00:00:00Z
-12.8,141.7,1989-09-02T00:00:00Z
-12.633,141.717,1988-12-11T00:00:00Z
-12.8,141.7,1990-02-24T00:00:00Z
-27.38712,153.158839,2010-02-09T00:00:00Z
-27.38712,153.158839,2011-01-30T00:00:00Z
-27.38712,153.158839,2010-12-03T00:00:00Z
-27.31142,153.21431,2010-02-09T00:00:00Z
-27.3825,153.391667,2010-12-03T00:00:00Z
-38.397913,142.510119,2008-01-07T00:00:00Z
-38.400679,142.582464,2008-01-07T00:00:00Z
-38.397913,142.510119,2009-11-16T00:00:00Z
-38.400679,142.582464,2009-12-15T00:00:00Z
-35.3219,150.768,2010-10-03T17:11:55Z
-32.2943,152.9987,2010-10-26T20:36:00Z
-34,152.1667,2008-10-15T13:19:27Z
-32.3,152.75,2009-10-24T02:46:30Z
-32.1332,155.4979,2008-10-12T10:24:39Z
-32.2998,155.3534,2008-10-12T17:18:07Z
-31.926,153.0265,2010-09-29T22:01:48Z
-33.4734,153.2318,2009-10-17T21:56:31Z
-32.759,152.4162,2008-10-18T21:30:22Z
-33.1755,152.767,2009-10-19T13:58:16Z
-32.9168,152.1166,2009-10-21T23:52:00Z
-42.667,148.12,1991-02-26T00:00:00Z
-42.667,148.12,1990-01-05T00:00:00Z
-42.667,148.12,1991-01-03T00:00:00Z
-28.68,153.73,1941-01-06T00:00:00Z
-35.12,150.83,1938-12-13T00:00:00Z
-30.28,153.27,1939-05-05T00:00:00Z
-31.05,153.1,1939-07-18T00:00:00Z
-39.92,148.6,1940-02-21T00:00:00Z
-37.1,150.03,1939-12-26T00:00:00Z
-35.1,151.23,1938-12-14T00:00:00Z
-42.7,148.57,1941-01-22T00:00:00Z
-35.12,151.28,1940-08-20T00:00:00Z
-31.87,152.83,1939-05-17T00:00:00Z
-31.13,153.08,1940-04-21T00:00:00Z
-31.85,152.85,1941-01-09T00:00:00Z
-36.23,150.25,1940-01-29T00:00:00Z
-34.05,151.2,1939-08-04T00:00:00Z
-30.93,153.13,1941-01-08T00:00:00Z
-35.1,150.83,1939-01-07T00:00:00Z
-39.52,148.85,1939-06-13T00:00:00Z
-34.067,151.25,1953-05-11T00:00:00Z
-30.283,153.267,1953-05-21T00:00:00Z
-34.067,151.25,1953-04-27T00:00:00Z
-30.283,153.267,1953-07-31T00:00:00Z
-29.133,153.633,1953-06-24T00:00:00Z
-34.067,151.25,1952-08-18T00:00:00Z
-33.9,152.717,1954-01-12T00:00:00Z
-30.283,153.267,1952-05-03T00:00:00Z
-31.43,153.1,1953-04-23T00:00:00Z
-43.216,148.116,1951-04-24T00:00:00Z
-38.5,148.5,1953-06-12T00:00:00Z
-43.216,148.116,1952-12-07T00:00:00Z
-42.32,148.3,1953-03-14T00:00:00Z
-42.32,148.3,1949-12-17T00:00:00Z
-38.5,144.5,1952-12-01T00:00:00Z
-38.5,144.5,1948-11-20T00:00:00Z
-38.5,144.5,1953-09-12T00:00:00Z
-39.9,146.33,1949-09-29T00:00:00Z
-30.283,153.267,1954-05-20T00:00:00Z
-31.43,153.1,1952-05-22T00:00:00Z
-29.133,153.633,1954-03-07T00:00:00Z
-42.32,148.3,1948-11-07T00:00:00Z
-42.32,148.3,1950-08-11T00:00:00Z
-42.32,148.3,1954-01-21T00:00:00Z
-38.5,144.5,1954-03-13T00:00:00Z
-35.27,150.3833333,1953-09-08T00:00:00Z
-42.32,148.3,1953-01-21T00:00:00Z
-42.32,148.3,1953-07-28T00:00:00Z
-42.32,148.3,1953-09-16T00:00:00Z
-30.8333,115.5833,1998-10-01T00:00:00Z
-31.135,111.7683,2003-10-07T15:44:00Z
-12.65,141.55,1991-11-09T00:00:00Z
-12.55,141.45,1988-03-17T00:00:00Z
-12.65,141.667,1991-02-14T00:00:00Z
-31.7599,152.9623,2010-10-01T19:29:25Z
-34.07,151.23,1940-04-25T00:00:00Z
-12.65,141.533,1986-03-12T00:00:00Z
-12.417,141.433,1986-10-04T00:00:00Z
-12.65,141.667,1989-10-01T00:00:00Z
-12.733,141.65,1989-09-01T00:00:00Z
-12.75,141.717,1987-12-21T00:00:00Z
-12.85,141.567,1990-10-17T00:00:00Z
-12.65,141.667,1990-03-28T00:00:00Z
-12.65,141.667,1989-02-07T00:00:00Z
-12.633,141.167,1987-06-28T00:00:00Z
-12.667,141.517,1986-12-01T00:00:00Z
-12.633,141.717,1988-11-08T00:00:00Z
-39.9,148.6,1939-06-13T00:00:00Z
-40.47,146.22,1939-04-09T00:00:00Z
-35.5168,150.7154,2010-09-19T13:36:23Z
-34.2706,152.1922,2010-09-20T13:07:08Z
-33.1975,152.6122,2009-10-21T16:39:37Z
-35.4195,151.0043,2010-10-03T14:49:56Z
-14.035,121.85167,2008-12-09T14:00:09Z
-14.0384,121.85522,2009-06-06T01:58:06Z
-14.17614,121.8602,2009-06-09T11:18:09Z
-14.22756,121.66198,2009-06-02T02:00:02Z
-14.03667,121.855,2009-11-29T14:00:29Z
-14.225,121.65833,2009-12-01T14:00:01Z
-13.94833,121.98167,2008-12-07T02:00:07Z
-13.94833,121.99,2008-12-07T14:00:07Z
-14.04333,121.86,2008-12-08T08:00:08Z
-14.09932,121.85322,2009-05-30T14:00:30Z
-14.03667,121.85333,2008-06-27T02:00:27Z
-13.94667,121.98167,2008-06-28T08:00:28Z
-14.22667,121.65833,2008-06-30T20:00:30Z
-14.03667,121.85667,2008-12-08T14:00:08Z
-12.75,141.567,1989-01-12T00:00:00Z
-12.75,141.567,1989-04-06T00:00:00Z
-33.56,152.7555,2010-09-26T22:43:04Z
-30.3,153.27,1941-01-04T00:00:00Z
-12,141,1975-10-01T00:00:00Z
-14,140,1975-10-01T00:00:00Z
-14,141,1975-10-01T00:00:00Z
-15,140,1975-10-01T00:00:00Z
-17.5,140.5,1975-10-01T00:00:00Z
-12,138,1975-11-01T00:00:00Z
-13,138,1975-11-01T00:00:00Z
-14,138,1975-11-01T00:00:00Z
-15,138,1975-11-01T00:00:00Z
-16,139,1975-11-01T00:00:00Z
-12,137,1976-05-01T00:00:00Z
-12.25,141.5,1976-05-01T00:00:00Z
-16,139,1976-06-01T00:00:00Z
-12,138,1976-09-01T00:00:00Z
-14,140,1976-09-01T00:00:00Z
-15,138,1976-09-01T00:00:00Z
-16,139,1976-09-01T00:00:00Z
-12,140,1976-11-01T00:00:00Z
-14,138,1976-11-01T00:00:00Z
-14,139,1976-11-01T00:00:00Z
-13.5,136.4,1977-01-01T00:00:00Z
-14,139,1977-01-01T00:00:00Z
-14,140,1977-01-01T00:00:00Z
-16,141,1977-01-01T00:00:00Z
-12,137,1977-03-01T00:00:00Z
-12,139,1977-03-01T00:00:00Z
-14,139,1977-03-01T00:00:00Z
-15,138,1977-03-01T00:00:00Z
-16,141,1977-03-01T00:00:00Z
-12,138,1977-05-01T00:00:00Z
-27.39,153.15,1963-08-15T00:00:00Z
-12.65,141.15,1986-09-04T22:45:00Z
-12.55,141.25,1986-12-02T21:30:00Z
-12.75,141.75,1986-10-06T05:20:00Z
-12.65,141.65,1987-04-27T20:47:00Z
-12.75,141.75,1987-07-29T04:28:00Z
-12.55,141.45,1987-05-26T18:29:00Z
-12.75,141.75,1987-05-28T04:16:00Z
-21.8,152.3,1988-01-01T00:00:00Z
-21.8,152.4,1988-01-01T00:00:00Z
-19.2,147.1,1988-01-01T00:00:00Z
-19,147.4,1988-01-01T00:00:00Z
-19.3,148.1,1988-01-01T00:00:00Z
-21.2,151.1,1988-01-01T00:00:00Z
-20.7,150.6,1988-01-01T00:00:00Z
-20.8,151.7,1988-01-01T00:00:00Z
-19.8,150,1988-01-01T00:00:00Z
-18.4,147.2,1988-01-01T00:00:00Z
-15.4,145.5,1988-01-01T00:00:00Z
-21.7,151.3,1988-01-01T00:00:00Z
-19,146.8,1988-01-01T00:00:00Z
-18.1,146.3,1988-01-01T00:00:00Z
-16.5,146,1988-01-01T00:00:00Z
-16.5,145.7,1988-01-01T00:00:00Z
-17.1,146.1,1988-01-01T00:00:00Z
-20.9,151.8,1988-01-01T00:00:00Z
-19.4,147.8,1988-01-01T00:00:00Z
-21.4,151.4,1988-01-01T00:00:00Z
-19.3,147.5,1988-01-01T00:00:00Z
-21.1,150.9,1988-01-01T00:00:00Z
-16.4,145.7,1988-01-01T00:00:00Z
-21,151.8,1988-01-01T00:00:00Z
-21.3,152,1988-01-01T00:00:00Z
-17.5,146.4,1988-01-01T00:00:00Z
-19.1,146.9,1988-01-01T00:00:00Z
-19.4,148,1988-01-01T00:00:00Z
-19.5,148,1988-01-01T00:00:00Z
-18.2,146.9,1988-01-01T00:00:00Z
-42.27889,148.4728,1972-10-01T00:00:00Z
-43.25444,148.0286,1972-06-01T00:00:00Z
-43.25778,148.3325,1971-12-01T00:00:00Z
-43.24417,148.5133,1972-06-01T00:00:00Z
-43.24444,148.0197,1972-08-01T00:00:00Z
-42.56472,148.1028,1972-04-01T00:00:00Z
-42.5125,148.4464,1972-04-01T00:00:00Z
-42.29278,148.3386,1973-05-01T00:00:00Z
-42.56194,148.4844,1972-06-01T00:00:00Z
-42.68111,148.3989,1971-12-01T00:00:00Z
-43.23111,148.2064,1971-11-01T00:00:00Z
-43.22444,148.5522,1971-11-01T00:00:00Z
-35.105,117.3709,1993-01-13T00:00:00Z
-34.58,118.2206,1993-01-13T00:00:00Z
-34.3382,118.4764,1993-01-14T00:00:00Z
-34.02,121.415,1993-01-14T00:00:00Z
-34.264,121.3,1993-01-14T00:00:00Z
-34.5302,118.51,1992-07-22T00:00:00Z
-34.4306,118.5109,1992-07-22T00:00:00Z
-34.1122,119.5416,1992-07-21T00:00:00Z
-34.0105,121.57,1992-07-21T00:00:00Z
-30.8333,115.6333,1997-08-01T00:00:00Z
-30.8333,115.4833,1998-04-01T00:00:00Z
-30.8333,115.4333,1997-03-01T00:00:00Z
-30.8333,115.4333,1997-05-01T00:00:00Z
-30.8333,115.3333,1997-10-01T00:00:00Z
-30.8333,115.5333,1998-05-01T00:00:00Z
-30.8333,115.4833,1998-06-01T00:00:00Z
-30.8333,115.3333,1998-07-01T00:00:00Z
-30.8333,115.5333,1997-09-01T00:00:00Z
-30.8333,115.3833,1998-04-01T00:00:00Z
-30.8333,115.5333,1998-10-01T00:00:00Z
-30.8333,115.4833,1998-01-01T00:00:00Z
-30.8333,115.4833,1997-04-01T00:00:00Z
-30.8333,115.4333,1997-04-01T00:00:00Z
-41.33,148.512,2005-06-01T00:00:00Z
-42.833,148.114,2005-06-01T00:00:00Z
-43.167,148.084,2005-06-01T00:00:00Z
-41.833,148.476,2005-06-01T00:00:00Z
-41.833,148.359,2005-06-01T00:00:00Z
-43.467,145.675,2006-06-01T00:00:00Z
-21.83,114.51,1997-12-01T08:55:00Z
-21.62,114.16,1997-10-27T09:12:00Z
-21.62,114.16,1997-11-30T09:00:00Z
-21.83,114.51,1998-11-17T08:05:00Z
-16.873,145.832,2001-08-22T00:00:00Z
-20.3352,148.926,2014-06-01T08:40:00Z
-20.4653,149.035,2014-06-01T17:35:00Z
-20.1544,149.067,2014-06-01T14:15:00Z
-11.315,135.793,2011-12-05T16:00:00Z
-10.937,134.677,2011-12-05T08:00:00Z
-15.95333,123.99833,2011-01-30T16:38:00Z
-15.99833,124.38,2011-10-17T10:12:00Z
-5.52213,146.15883,2009-01-31T22:05:00Z
-27.16988,153.32223,2011-05-27T11:20:18Z
-5.53047,146.14223,2009-02-03T10:53:00Z
-16.13333,124.13333,2011-01-30T10:11:00Z
-16.04,124.165,2011-10-15T15:55:00Z
-5.49074,146.03905,2009-02-05T12:03:00Z
-27.21139,153.23163,2011-01-27T15:39:58Z
-27.11313,153.3403,2011-05-27T12:28:08Z
-27.4672,153.32642,2011-12-20T12:59:38Z
-35.79604667,139.317985,2012-09-01T00:00:00Z
-35.549545,138.88273,2012-08-01T00:00:00Z
-35.79604667,139.317985,2012-11-01T00:00:00Z
-12.33625,130.69366,2002-12-11T00:00:00Z
-12.40333,130.75666,2004-02-17T00:00:00Z
-12.50384,130.90429,2002-12-11T00:00:00Z
-12.53701,130.96738,2004-02-19T00:00:00Z
-12.53776,130.9682,2004-07-15T00:00:00Z
-27.38785,153.21422,2011-05-26T14:51:35Z
-27.17017,153.32105,2011-12-18T14:53:40Z
-27.1519,153.05848,2011-12-19T15:07:09Z
-27.33006,153.18091,2011-02-26T08:31:54Z
-27.11011,153.16983,2011-01-28T08:47:24Z
-12.733,141.533,1987-08-25T00:00:00Z
-12.65,141.333,1988-06-16T00:00:00Z
-12.833,141.65,1988-08-11T00:00:00Z
-12.75,141.567,1988-08-12T00:00:00Z
-12.8,141.7,1988-08-13T00:00:00Z
-12.65,141.667,1989-02-09T00:00:00Z
-12.75,141.567,1989-03-08T00:00:00Z
-12.65,141.55,1989-09-01T00:00:00Z
-12.85,141.567,1990-09-17T00:00:00Z
-12.633,141.717,1989-11-27T00:00:00Z
-12.65,141.667,1990-01-26T00:00:00Z
-12.333,141.033,1990-02-24T00:00:00Z
-12.633,141.717,1990-03-30T00:00:00Z
-12.717,141.717,1990-09-15T00:00:00Z
-12.85,141.567,1992-01-06T00:00:00Z
-12.55,141.55,1992-03-05T00:00:00Z
-12.633,141.717,1988-03-21T00:00:00Z
-12.85,141.567,1988-06-16T00:00:00Z
-12.75,141.567,1989-09-01T00:00:00Z
-12.65,141.667,1990-10-15T00:00:00Z
-12.65,141.55,1991-02-16T00:00:00Z
-12.55,141.55,1988-02-20T00:00:00Z
-12.717,141.717,1990-01-26T00:00:00Z
-12.833,141.65,1990-04-25T00:00:00Z
-12.65,141.667,1990-08-22T00:00:00Z
-12.65,141.667,1992-03-06T00:00:00Z
-12.633,141.15,1991-08-11T00:00:00Z
-12.65,141.533,1986-10-03T00:00:00Z
-12.717,141.717,1987-08-26T00:00:00Z
-12.733,141.65,1988-06-14T00:00:00Z
-12.75,141.567,1989-01-13T00:00:00Z
-12.65,141.667,1988-09-10T00:00:00Z
-12.8,141.7,1990-09-19T00:00:00Z
-12.717,141.717,1990-10-15T00:00:00Z
-12.55,141.55,1990-10-18T00:00:00Z
-12.75,141.433,1991-01-16T00:00:00Z
-12.633,141.717,1991-01-17T00:00:00Z
-12.65,141.667,1990-02-28T00:00:00Z
-12.75,141.567,1991-04-15T00:00:00Z
-12.85,141.567,1991-09-07T00:00:00Z
-12.55,141.433,1987-08-24T00:00:00Z
-12.733,141.65,1989-01-14T00:00:00Z
-12.8,141.7,1989-04-08T00:00:00Z
-12.733,141.65,1988-10-09T00:00:00Z
-12.55,141.55,1988-03-19T00:00:00Z
-12.55,141.55,1989-09-01T00:00:00Z
-12.717,141.717,1989-09-29T00:00:00Z
-12.8,141.7,1990-10-19T00:00:00Z
-12.733,141.65,1989-10-03T00:00:00Z
-12.65,141.55,1990-01-28T00:00:00Z
-12.65,141.667,1990-04-27T00:00:00Z
-12.75,141.433,1990-08-20T00:00:00Z
-12.75,141.567,1992-03-05T00:00:00Z
-12.75,141.433,1991-04-15T00:00:00Z
-12.85,141.567,1988-06-15T00:00:00Z
-12.65,141.667,1988-08-11T00:00:00Z
-12.55,141.55,1988-08-14T00:00:00Z
-12.717,141.717,1989-01-11T00:00:00Z
-12.733,141.65,1989-04-05T00:00:00Z
-12.733,141.65,1988-11-10T00:00:00Z
-12.833,141.65,1989-10-01T00:00:00Z
-12.55,141.55,1991-01-15T00:00:00Z
-12.65,141.667,1989-01-11T00:00:00Z
-12.733,141.65,1988-02-19T00:00:00Z
-12.75,141.567,1988-02-20T00:00:00Z
-12.8,141.7,1990-01-27T00:00:00Z
-12.733,141.65,1990-04-24T00:00:00Z
-12.75,141.433,1992-03-05T00:00:00Z
-12.833,141.417,1987-10-23T00:00:00Z
-12.55,141.267,1987-09-21T00:00:00Z
-12.833,141.433,1987-07-28T00:00:00Z
-12.55,141.45,1988-09-11T00:00:00Z
-12.85,141.567,1988-11-11T00:00:00Z
-12.85,141.567,1990-03-31T00:00:00Z
-12.85,141.567,1990-08-19T00:00:00Z
-12.65,141.667,1991-04-16T00:00:00Z
-12.65,141.55,1991-08-12T00:00:00Z
-12.65,141.667,1988-04-13T00:00:00Z
-12.633,141.15,1989-03-09T00:00:00Z
-12.5,141.267,1990-09-16T00:00:00Z
-12.85,141.567,1991-01-15T00:00:00Z
-12.85,141.567,1991-02-15T00:00:00Z
-12.733,141.65,1991-11-07T00:00:00Z
-12.75,141.433,1991-03-17T00:00:00Z
-12.733,141.65,1988-06-17T00:00:00Z
-12.55,141.45,1989-03-08T00:00:00Z
-12.65,141.667,1989-10-30T00:00:00Z
-12.5,141.267,1991-04-14T00:00:00Z
-27.353333,153.166667,2011-01-30T00:00:00Z
-27.3825,153.391667,2011-02-04T00:00:00Z
-38.397425,142.553217,2008-03-06T00:00:00Z
-32.2331,155.4932,2008-10-12T11:56:46Z
-33.5,152.0018,2008-10-17T08:11:20Z
-33.5013,152.1654,2008-10-17T11:12:40Z
-31.7599,152.9623,2010-10-01T19:34:25Z
-33.9852,152.0763,2008-10-15T15:18:49Z
-32.7053,153.6914,2009-10-18T12:37:04Z
-33.9988,151.9178,2008-10-15T23:43:27Z
-34.0674,151.5992,2009-10-25T20:56:46Z
-42.667,148.12,1989-12-13T00:00:00Z
-42.667,148.12,1989-02-26T00:00:00Z
-37.0833,150.0667,1939-06-14T00:00:00Z
-28.68,153.98,1941-01-06T00:00:00Z
-34.05,151.2,1939-02-04T00:00:00Z
-35.12,150.83,1938-10-11T00:00:00Z
-35.12,150.83,1939-10-05T00:00:00Z
-36.25,150.27,1939-11-01T00:00:00Z
-30.92,153.13,1940-08-06T00:00:00Z
-34.05,151.2,1940-12-04T00:00:00Z
-34.1,151.23,1942-07-19T00:00:00Z
-24.25,153.05,1939-07-07T00:00:00Z
-42.62,148.2,1940-02-19T00:00:00Z
-35.12,150.83,1939-08-23T00:00:00Z
-41.23,148.45,1939-01-20T00:00:00Z
-34.13,151.53,1939-05-01T00:00:00Z
-36.23,150.25,1940-05-01T00:00:00Z
-42.57,148.18,1939-04-11T00:00:00Z
-35.13,150.83,1940-01-28T00:00:00Z
-33.23,151.73,1938-09-28T00:00:00Z
-43.23,148.07,1940-05-08T00:00:00Z
-37.03,150.53,1940-08-22T00:00:00Z
-41.03,148.37,1939-10-14T00:00:00Z
-39.53,148.82,1938-07-29T00:00:00Z
-43.23,148.05,1940-02-18T00:00:00Z
-11,110,1962-01-01T00:00:00Z
-34.067,151.25,1952-05-15T00:00:00Z
-30.283,153.267,1953-11-28T00:00:00Z
-39.06666667,150.0833333,1954-01-03T00:00:00Z
-37.05,150.383,1954-02-12T00:00:00Z
-34,151.283,1953-05-26T00:00:00Z
-29.133,153.633,1953-05-22T00:00:00Z
-35.27,150.3833333,1952-04-24T00:00:00Z
-32.71666667,152.3,1953-05-18T00:00:00Z
-34,151.283,1953-08-03T00:00:00Z
-31.43,153.1,1953-07-30T00:00:00Z
-31.43,153.1,1954-06-20T00:00:00Z
-43.216,148.116,1950-11-30T00:00:00Z
-43.216,148.116,1951-03-01T00:00:00Z
-38.5,148.5,1953-02-15T00:00:00Z
-38.5,148.5,1953-12-31T00:00:00Z
-43.216,148.116,1948-12-16T00:00:00Z
-42.32,148.3,1951-11-16T00:00:00Z
-42.76,148.26,1954-06-21T00:00:00Z
-42.32,148.3,1953-10-02T00:00:00Z
-38.5,144.5,1952-10-27T00:00:00Z
-38.5,144.5,1950-11-07T00:00:00Z
-39.06666667,150.0833333,1952-08-08T00:00:00Z
-38.5,148.5,1948-12-15T00:00:00Z
-38.5,148.5,1951-04-18T00:00:00Z
-43.216,148.116,1950-05-04T00:00:00Z
-43.216,148.116,1952-04-04T00:00:00Z
-42.32,148.3,1951-03-01T00:00:00Z
-38.5,144.5,1953-05-17T00:00:00Z
-33.083,151.967,1954-01-11T00:00:00Z
-30.283,153.267,1953-10-23T00:00:00Z
-29.133,153.633,1954-05-22T00:00:00Z
-42.32,148.3,1949-05-09T00:00:00Z
-42.32,148.3,1954-05-24T00:00:00Z
-38.5,144.5,1951-07-05T00:00:00Z
-43.216,148.116,1949-05-01T00:00:00Z
-12.65,141.55,1992-03-31T00:00:00Z
-12.65,141.533,1987-10-21T00:00:00Z
-35.4204,150.9988,2010-09-23T21:02:28Z
-33.7085,152.9803,2010-09-26T14:26:47Z
-33.3743,153.253,2009-10-17T23:49:02Z
-12.833,141.65,1988-06-14T00:00:00Z
-12.833,141.65,1989-05-07T00:00:00Z
-12.75,141.433,1991-09-12T00:00:00Z
-12.833,141.65,1989-01-14T00:00:00Z
-12.65,141.55,1991-03-17T00:00:00Z
-33.3062,154.3538,2009-10-20T14:43:44Z
-31.926,153.0265,2010-09-29T22:06:48Z
-42.667,148.12,1991-01-31T00:00:00Z
-37.15,150.05,1938-10-12T00:00:00Z
-32.87,153.13,1940-01-13T00:00:00Z
-12.833,141.433,1987-11-24T00:00:00Z
-12.833,141.65,1988-03-20T00:00:00Z
-12.833,141.65,1990-08-19T00:00:00Z
-12.55,141.45,1992-01-05T00:00:00Z
-12.65,141.667,1988-11-10T00:00:00Z
-12.55,141.55,1989-08-30T00:00:00Z
-12.65,141.667,1991-01-17T00:00:00Z
-32.8699,152.1011,2008-10-18T19:26:10Z
-33.0482,152.3656,2009-10-21T20:42:08Z
-34.0675,151.6997,2009-10-25T19:56:22Z
-43.22,148.07,1939-11-12T00:00:00Z
-39.17,146.42,1939-12-06T00:00:00Z
-28.62,153.7,1938-09-21T00:00:00Z
-30.8333,115.6333,1998-09-01T00:00:00Z
-35.5406,151.304,2010-10-03T11:14:29Z
-32.9168,152.1166,2009-10-21T23:57:00Z
-33.209,152.5108,2008-10-18T12:56:44Z
-33.507,152.3296,2008-10-17T12:48:12Z
-33.9692,152,2008-10-15T16:55:06Z
-14.04002,121.85283,2009-06-05T08:01:05Z
-14.03857,121.90763,2009-06-05T20:29:05Z
-14.12079,121.85195,2009-06-09T12:22:09Z
-14.02655,121.91682,2009-06-09T15:12:09Z
-13.94667,121.98167,2009-11-28T02:00:28Z
-14.03667,121.855,2009-11-29T20:00:29Z
-14.22667,121.65833,2009-12-01T08:00:01Z
-13.95,121.98167,2008-12-06T08:00:06Z
-13.94667,121.98167,2008-12-06T14:00:06Z
-14.03667,121.85167,2008-06-26T20:00:26Z
-13.94667,121.93167,2008-06-28T14:00:28Z
-13.94667,121.98167,2008-06-29T02:00:29Z
-14.03667,121.85667,2008-12-08T20:00:08Z
-12.55,141.55,1991-11-09T00:00:00Z
-12.717,141.717,1992-03-06T00:00:00Z
-12.65,141.533,1987-02-28T00:00:00Z
-33.6658,153.1532,2009-10-17T20:10:08Z
-42.667,148.12,1989-04-10T00:00:00Z
-35.27,150.98,1938-11-13T00:00:00Z
-12.25,141.5,1975-08-01T00:00:00Z
-13.5,136.4,1975-08-01T00:00:00Z
-17.5,140.5,1975-08-01T00:00:00Z
-12,137,1975-10-01T00:00:00Z
-15,138,1975-10-01T00:00:00Z
-12,137,1975-11-01T00:00:00Z
-16,140,1975-11-01T00:00:00Z
-16,141,1975-11-01T00:00:00Z
-17.5,140.5,1975-11-01T00:00:00Z
-13,140,1976-05-01T00:00:00Z
-15,138,1976-05-01T00:00:00Z
-16,140,1976-06-01T00:00:00Z
-16,141,1976-06-01T00:00:00Z
-12.25,141.5,1976-09-01T00:00:00Z
-13.5,136.4,1976-09-01T00:00:00Z
-14,137,1976-09-01T00:00:00Z
-12,139,1976-11-01T00:00:00Z
-13.5,136.4,1976-11-01T00:00:00Z
-15,138,1976-11-01T00:00:00Z
-17,140,1976-11-01T00:00:00Z
-12,139,1977-01-01T00:00:00Z
-15,138,1977-01-01T00:00:00Z
-12,138,1977-03-01T00:00:00Z
-14,138,1977-05-01T00:00:00Z
-27.39,153.15,1964-01-01T00:00:00Z
-12.55,141.25,1987-12-19T21:12:00Z
-12.55,141.45,1986-05-09T18:52:00Z
-12.65,141.15,1988-03-18T01:47:00Z
-12.55,141.45,1986-03-11T18:58:00Z
-12.55,141.25,1986-09-04T21:06:00Z
-12.65,141.65,1986-12-01T19:26:00Z
-12.55,141.45,1986-12-02T19:16:00Z
-12.65,141.65,1986-12-28T19:31:00Z
-12.65,141.65,1986-10-03T19:55:00Z
-12.65,141.15,1986-10-05T23:32:00Z
-12.65,141.65,1986-11-01T18:47:00Z
-12.55,141.45,1987-04-28T19:13:00Z
-12.65,141.15,1986-11-02T23:02:00Z
-12.65,141.65,1987-02-28T18:23:00Z
-12.65,141.15,1987-08-24T22:18:00Z
-12.75,141.75,1987-08-28T03:16:00Z
-12.55,141.25,1987-11-23T05:30:00Z
-42.573,147.9921,2000-03-01T00:00:00Z
-11.65083,130.20783,2006-02-23T16:30:00Z
-19.7,149.9,1988-01-01T00:00:00Z
-18.9,147.5,1988-01-01T00:00:00Z
-19.6,149.7,1988-01-01T00:00:00Z
-19.6,148.3,1988-01-01T00:00:00Z
-19.2,147.6,1988-01-01T00:00:00Z
-21.1,151.1,1988-01-01T00:00:00Z
-20.9,150.9,1988-01-01T00:00:00Z
-18.7,147.4,1988-01-01T00:00:00Z
-19,147.7,1988-01-01T00:00:00Z
-19.4,148.2,1988-01-01T00:00:00Z
-19.2,147.4,1988-01-01T00:00:00Z
-14.6,145.5,1988-01-01T00:00:00Z
-21.9,152.3,1988-01-01T00:00:00Z
-17.9,146.3,1988-01-01T00:00:00Z
-18.5,147.1,1988-01-01T00:00:00Z
-17.3,146.4,1988-01-01T00:00:00Z
-18.2,146.6,1988-01-01T00:00:00Z
-21,151.3,1988-01-01T00:00:00Z
-18.7,147.7,1988-01-01T00:00:00Z
-21.4,152,1988-01-01T00:00:00Z
-21.5,151.4,1988-01-01T00:00:00Z
-19.3,147.9,1988-01-01T00:00:00Z
-21.9,151.6,1988-01-01T00:00:00Z
-19.1,147,1988-01-01T00:00:00Z
-18.2,146.7,1988-01-01T00:00:00Z
-17.9,146.8,1988-01-01T00:00:00Z
-43.26028,148.0169,1972-10-01T00:00:00Z
-43.25222,148.4947,1971-12-01T00:00:00Z
-42.68028,148.2558,1972-10-01T00:00:00Z
-43.24972,148.1764,1971-12-01T00:00:00Z
-42.68694,148.1056,1972-11-01T00:00:00Z
-43.25833,148.3383,1972-11-01T00:00:00Z
-42.27389,148.6244,1972-10-01T00:00:00Z
-42.2675,148.3478,1972-08-01T00:00:00Z
-42.56944,148.2975,1972-06-01T00:00:00Z
-42.27944,148.3617,1972-06-01T00:00:00Z
-43.23889,148.5131,1972-08-01T00:00:00Z
-42.65472,148.4486,1971-11-01T00:00:00Z
-33.533,121.3,1993-01-14T00:00:00Z
-34.115,121.3,1993-01-14T00:00:00Z
-33.5603,120.58,1992-07-22T00:00:00Z
-34.5602,118.3107,1992-07-21T00:00:00Z
-34.4104,119.0705,1992-07-22T00:00:00Z
-35.0407,118.1008,1992-07-23T00:00:00Z
-34.2959,119.3933,1992-07-21T00:00:00Z
-33.5808,121.3807,1992-07-23T00:00:00Z
-30.8333,115.3333,1998-01-01T00:00:00Z
-30.8333,115.3333,1998-03-01T00:00:00Z
-30.8333,115.3333,1998-05-01T00:00:00Z
-30.8333,115.6833,1998-06-01T00:00:00Z
-30.8333,115.4333,1997-01-01T00:00:00Z
-30.8333,115.4833,1997-05-01T00:00:00Z
-30.8333,115.4333,1997-07-01T00:00:00Z
-30.8333,115.4333,1998-07-01T00:00:00Z
-30.8333,115.3833,1998-01-01T00:00:00Z
-30.8333,115.5833,1997-04-01T00:00:00Z
-30.8333,115.3333,1997-04-01T00:00:00Z
-30.8333,115.5833,1997-05-01T00:00:00Z
-30.8333,115.5333,1997-05-01T00:00:00Z
-30.8333,115.6833,1997-07-01T00:00:00Z
-30.8333,115.5833,1997-07-01T00:00:00Z
-30.8333,115.5333,1997-08-01T00:00:00Z
-30.8333,115.3833,1997-09-01T00:00:00Z
-30.8333,115.6333,1998-03-01T00:00:00Z
-30.8333,115.3833,1998-10-01T00:00:00Z
-30.8333,115.4833,1998-11-01T00:00:00Z
-30.8333,115.3833,1998-12-01T00:00:00Z
-30.8333,115.5833,1997-09-01T00:00:00Z
-30.8333,115.4833,1997-11-01T00:00:00Z
-42.75,148.184,2006-06-01T00:00:00Z
-40.667,148.551,2005-06-01T00:00:00Z
-42.167,148.57,2005-06-01T00:00:00Z
-43.875,146.717,2006-06-01T00:00:00Z
-41.33,148.628,2005-06-01T00:00:00Z
-42,148.816,2006-06-01T00:00:00Z
-42.5,148.5,2005-06-01T00:00:00Z
-43.842,146.083,2006-06-01T00:00:00Z
-21.83,114.51,1997-10-26T09:55:00Z
-21.83,114.51,2002-04-03T08:30:00Z
-21.62,114.16,1999-02-11T08:30:00Z
-21.83,114.51,1998-02-24T07:40:00Z
-16.225,145.841,2001-01-25T00:00:00Z
-16.183,145.008,2002-03-17T00:00:00Z
-16.87,145.835,2001-01-27T00:00:00Z
-20.2787,149.074,2014-06-01T20:40:00Z
-16.14,124.28867,2011-01-20T17:15:00Z
-16.05167,124.10833,2011-01-22T17:23:00Z
-14.17614,121.8602,2009-06-09T00:00:00Z
-16.035,124.165,2011-10-15T07:10:00Z
-15.73333,123.27167,2011-10-20T17:10:00Z
-27.25778,153.22163,2011-12-18T11:07:33Z
-27.40608,153.43287,2011-12-20T07:28:03Z
-27.4049,153.43372,2011-02-27T16:53:52Z
-27.38758,153.21412,2011-12-18T08:06:43Z
-35.549545,138.88273,2012-10-01T00:00:00Z
-35.79604667,139.398055,2012-10-01T00:00:00Z
-35.79604667,139.317985,2012-07-01T00:00:00Z
-35.69561,139.162545,2012-09-01T00:00:00Z
-36.16101333,139.647165,2012-07-01T00:00:00Z
-3.090244,152.65291,2006-11-05T22:02:52Z
-3.107698,152.52193,2006-11-09T10:20:28Z
-3.103779,152.52051,2006-11-18T22:02:45Z
-3.088301,152.64938,2006-11-17T02:03:28Z
-12.46846,130.79698,2003-02-25T00:00:00Z
-12.46856,130.79708,2004-12-07T00:00:00Z
-12.643,130.90298,2003-12-03T00:00:00Z
-12.46833,130.79666,2004-02-17T00:00:00Z
-12.72155,130.9281,2003-12-04T00:00:00Z
-12.47532,130.80371,2002-12-12T00:00:00Z
-12.72155,130.9281,2003-09-18T00:00:00Z
-27.11002,153.16978,2011-05-28T08:11:55Z
-27.11012,153.16967,2011-02-27T08:54:51Z
-27.27973,153.08418,2011-12-19T16:28:13Z
-12.55,141.433,1986-10-04T00:00:00Z
-12.733,141.533,1987-06-29T00:00:00Z
-12.95,141.517,1986-09-05T00:00:00Z
-12.833,141.65,1989-04-07T00:00:00Z
-12.75,141.567,1988-10-08T00:00:00Z
-12.75,141.433,1988-10-09T00:00:00Z
-12.833,141.65,1988-11-11T00:00:00Z
-12.85,141.55,1988-02-21T00:00:00Z
-12.633,141.15,1988-03-18T00:00:00Z
-12.55,141.45,1990-10-17T00:00:00Z
-12.717,141.717,1989-11-29T00:00:00Z
-12.8,141.7,1990-03-31T00:00:00Z
-12.55,141.55,1990-04-25T00:00:00Z
-12.65,141.667,1992-01-07T00:00:00Z
-12.85,141.567,1992-03-04T00:00:00Z
-12.733,141.65,1992-03-06T00:00:00Z
-12.65,141.667,1992-04-01T00:00:00Z
-12.65,141.667,1991-03-18T00:00:00Z
-12.717,141.717,1991-04-16T00:00:00Z
-12.35,141.35,1987-11-21T00:00:00Z
-12.233,141.55,1986-07-07T00:00:00Z
-12.85,141.633,1987-09-22T00:00:00Z
-12.733,141.65,1989-02-09T00:00:00Z
-12.75,141.567,1988-09-13T00:00:00Z
-12.65,141.55,1988-11-11T00:00:00Z
-12.733,141.65,1988-02-22T00:00:00Z
-12.633,141.717,1989-08-31T00:00:00Z
-12.633,141.717,1989-09-02T00:00:00Z
-12.85,141.567,1990-01-27T00:00:00Z
-12.65,141.667,1990-02-23T00:00:00Z
-12.633,141.717,1990-09-15T00:00:00Z
-12.833,141.65,1992-03-04T00:00:00Z
-12.8,141.7,1992-03-06T00:00:00Z
-12.717,141.717,1991-03-18T00:00:00Z
-12.733,141.533,1987-10-23T00:00:00Z
-12.417,141.433,1987-03-01T00:00:00Z
-12.667,141.65,1987-07-24T00:00:00Z
-12.633,141.717,1988-07-13T00:00:00Z
-12.55,141.717,1989-01-13T00:00:00Z
-12.85,141.567,1988-10-08T00:00:00Z
-12.633,141.717,1988-11-10T00:00:00Z
-12.8,141.7,1988-03-18T00:00:00Z
-12.733,141.65,1988-12-08T00:00:00Z
-12.85,141.567,1992-03-30T00:00:00Z
-12.8,141.717,1988-06-17T00:00:00Z
-12.55,141.45,1988-07-14T00:00:00Z
-12.733,141.65,1989-03-07T00:00:00Z
-12.633,141.15,1988-10-09T00:00:00Z
-12.85,141.567,1988-10-10T00:00:00Z
-12.8,141.7,1989-10-31T00:00:00Z
-12.55,141.55,1992-02-06T00:00:00Z
-12.733,141.65,1992-03-29T00:00:00Z
-12.833,141.65,1988-01-19T00:00:00Z
-12.633,141.717,1988-08-11T00:00:00Z
-12.733,141.65,1989-01-11T00:00:00Z
-12.65,141.667,1988-09-13T00:00:00Z
-12.65,141.667,1988-10-07T00:00:00Z
-12.8,141.7,1989-08-30T00:00:00Z
-12.717,141.717,1987-04-01T00:00:00Z
-12.733,141.65,1988-05-14T00:00:00Z
-12.633,141.717,1989-03-07T00:00:00Z
-12.633,141.717,1988-10-07T00:00:00Z
-12.55,141.55,1988-11-09T00:00:00Z
-12.717,141.717,1988-11-10T00:00:00Z
-12.833,141.65,1990-10-17T00:00:00Z
-12.65,141.55,1988-01-19T00:00:00Z
-12.733,141.65,1990-03-28T00:00:00Z
-12.75,141.567,1990-03-31T00:00:00Z
-12.55,141.45,1990-08-19T00:00:00Z
-12.75,141.567,1989-03-09T00:00:00Z
-12.65,141.333,1988-09-12T00:00:00Z
-12.75,141.567,1989-08-30T00:00:00Z
-12.65,141.333,1990-08-20T00:00:00Z
-12.717,141.717,1991-11-09T00:00:00Z
-12.833,141.433,1986-12-03T00:00:00Z
-12.65,141.333,1986-08-10T00:00:00Z
-12.717,141.717,1988-09-13T00:00:00Z
-12.55,141.55,1990-10-16T00:00:00Z
-12.65,141.667,1990-10-19T00:00:00Z
-12.75,141.567,1991-02-15T00:00:00Z
-12.75,141.433,1992-02-06T00:00:00Z
-27.3825,153.391667,2011-01-30T00:00:00Z
-27.31142,153.21431,2010-12-03T00:00:00Z
-27.38712,153.158839,2010-01-13T00:00:00Z
-27.31142,153.21431,2009-02-04T00:00:00Z
-38.400679,142.582464,2008-03-06T00:00:00Z
-38.397913,142.510119,2010-03-16T00:00:00Z
-33.3743,153.253,2009-10-17T23:45:02Z
-35.4881,151.1572,2010-09-23T18:45:59Z
-33.9852,152.0763,2008-10-15T15:23:49Z
-34.0682,151.9987,2009-10-24T16:26:30Z
-32.7954,152.4656,2008-10-18T20:27:01Z
-34.0675,151.6997,2009-10-25T20:01:22Z
-32.2996,153.1162,2009-10-24T11:02:17Z
-32.7142,152.3506,2008-10-18T22:42:51Z
-34.0672,151.7977,2009-10-25T18:53:23Z
-42.667,148.12,1991-03-18T00:00:00Z
-42.667,148.12,1989-01-26T00:00:00Z
-42.667,148.12,1991-03-19T00:00:00Z
-42.667,148.12,1990-01-23T00:00:00Z
-42.667,148.12,1990-03-16T00:00:00Z
-42.667,148.12,1989-12-14T00:00:00Z
-39.53,148.82,1938-10-16T00:00:00Z
-30.93,153.35,1939-05-16T00:00:00Z
-35.12,150.83,1939-05-31T00:00:00Z
-28.65,153.73,1939-07-16T00:00:00Z
-37.08,150.02,1939-11-03T00:00:00Z
-37.15,150.38,1938-11-28T00:00:00Z
-34.07,151.23,1938-11-10T00:00:00Z
-34.07,151.22,1939-10-02T00:00:00Z
-34.23,151.58,1938-09-29T00:00:00Z
-35.05,151.13,1939-05-30T00:00:00Z
-38.58,142.3,1939-12-17T00:00:00Z
-35.52,136.13,1939-02-22T00:00:00Z
-44.33,147.13,1938-05-26T00:00:00Z
-42.58,148.63,1939-11-12T00:00:00Z
-36.27,150.27,1938-10-12T00:00:00Z
-35.05,151.13,1940-01-28T00:00:00Z
-39.63,148.6,1940-05-06T00:00:00Z
-35.12,150.83,1938-11-12T00:00:00Z
-39.95,148.58,1938-11-25T00:00:00Z
-38.7,149.38,1939-12-25T00:00:00Z
-35.12,150.85,1940-08-19T00:00:00Z
-41.07,148.4,1940-09-01T00:00:00Z
-39.06666667,150.0833333,1953-12-02T00:00:00Z
-31.43,153.1,1953-05-20T00:00:00Z
-31.43,153.1,1954-03-03T00:00:00Z
-34.067,151.25,1952-04-16T00:00:00Z
-30.283,153.267,1952-05-22T00:00:00Z
-42.32,148.3,1949-01-23T00:00:00Z
-43.216,148.116,1954-07-22T00:00:00Z
-42.76,148.26,1953-02-12T00:00:00Z
-42.32,148.3,1952-12-05T00:00:00Z
-38.5,144.5,1949-12-07T00:00:00Z
-39.9,146.33,1951-05-28T00:00:00Z
-39.06666667,150.0833333,1951-07-26T00:00:00Z
-39.06666667,150.0833333,1953-10-14T00:00:00Z
-38.5,148.5,1950-03-15T00:00:00Z
-43.216,148.116,1954-06-24T00:00:00Z
-42.76,148.26,1952-12-05T00:00:00Z
-42.32,148.3,1949-10-29T00:00:00Z
-42.32,148.3,1950-10-02T00:00:00Z
-38.5,144.5,1952-09-27T00:00:00Z
-39.9,146.33,1950-04-26T00:00:00Z
-42.32,148.3,1952-01-15T00:00:00Z
-42.32,148.3,1952-04-02T00:00:00Z
-38.5,144.5,1953-02-19T00:00:00Z
-43.216,148.116,1949-01-23T00:00:00Z
-33.3,152.167,1954-01-11T00:00:00Z
-38.5,148.5,1949-05-08T00:00:00Z
-39.9,146.33,1950-08-08T00:00:00Z
-42.32,148.3,1952-10-13T00:00:00Z
-38.5,144.5,1949-09-09T00:00:00Z
-39.9,146.33,1950-10-16T00:00:00Z
-30.8333,115.6333,1998-04-01T00:00:00Z
-12.317,141.5,1986-12-02T00:00:00Z
-12.833,141.65,1990-11-16T00:00:00Z
-34.07,151.27,1938-09-29T00:00:00Z
-36.33,150.42,1938-10-12T00:00:00Z
-33.3,152.22,1939-05-03T00:00:00Z
-32.8387,152.5318,2008-10-18T19:02:52Z
-12.75,141.567,1992-02-06T00:00:00Z
-12.65,141.667,1991-04-13T00:00:00Z
-12.95,141.517,1987-03-02T00:00:00Z
-12.75,141.567,1991-04-14T00:00:00Z
-12.8,141.7,1991-11-07T00:00:00Z
-33.209,152.5108,2008-10-18T12:51:44Z
-42.667,148.12,1990-02-15T00:00:00Z
-36.32,150.6,1940-08-21T00:00:00Z
-30.8333,115.4833,1998-02-01T00:00:00Z
-33.098,152.4508,2009-10-21T19:12:29Z
-14.09833,121.85167,2009-11-25T20:00:25Z
-14.22606,121.65053,2009-06-01T14:00:01Z
-14.10167,121.85167,2008-12-02T08:00:02Z
-14.22667,121.65333,2008-06-30T14:00:30Z
-14.03667,121.855,2008-06-26T14:00:26Z
-14.22624,121.65948,2009-06-01T08:01:01Z
-12.65,141.667,1988-11-08T00:00:00Z
-12.65,141.55,1990-09-17T00:00:00Z
-12.8,141.7,1988-01-19T00:00:00Z
-12.733,141.65,1988-08-11T00:00:00Z
-12.633,141.717,1989-03-10T00:00:00Z
-12.483,141.55,1987-01-28T00:00:00Z
-12.85,141.567,1991-11-07T00:00:00Z
-32.2331,155.4932,2008-10-12T11:51:46Z
-33.9646,151.9275,2008-10-15T19:23:58Z
-37.02,150.03,1939-08-25T00:00:00Z
-41.25,148.42,1941-01-21T00:00:00Z
