NRScode,Station,Latitude,Longitude,SampleDateLocal,Year,Month,Day,Time_24hr,Centric diatom,Ciliate,Cyanobacteria,Dinoflagellate,Flagellate,Pennate diatom,Silicoflagellate
KAI20201123,Kangaroo Island,-35.83217,136.44733,2020-11-24T06:55:00Z,2020,11,24,06:55:00,0,0,0,0,0,0,0
MAI20201118,Maria Island,-42.59667,148.23333,2020-11-19T09:45:00Z,2020,11,19,09:45:00,0,0,0,0,0,0,0
YON20201026,Yongala,-19.30847,147.61842,2020-10-26T10:40:00Z,2020,10,26,10:40:00,0,0,0,0,0,0,0
MAI20201020,Maria Island,-42.59667,148.23333,2020-10-21T10:10:00Z,2020,10,21,10:10:00,0,0,0,0,0,0,0
ROT20201013,Rottnest Island,-32,115.41667,2020-10-13T09:18:00Z,2020,10,13,09:18:00,0,0,0,0,0,0,0
MAI20200928,Maria Island,-42.59667,148.23333,2020-09-29T09:00:00Z,2020,9,29,09:00:00,0,0,0,0,0,0,0
YON20200926,Yongala,-19.30847,147.61842,2020-09-26T12:33:00Z,2020,9,26,12:33:00,0,0,0,0,0,0,0
PHB20200922,Port Hacking,-34.11923,151.22667,2020-09-23T09:19:00Z,2020,9,23,09:19:00,0,0,0,0,0,0,0
DAR20200921_2130,Darwin,-12.4,130.76805,2020-09-22T07:00:00Z,2020,9,22,07:00:00,0,0,0,0,0,0,0
NSI20200917,North Stradbroke,-27.345,153.562,2020-09-17T10:20:00Z,2020,9,17,10:20:00,0,0,0,0,0,0,0
MAI20200909,Maria Island,-42.59667,148.23333,2020-09-10T09:00:00Z,2020,9,10,09:00:00,0,0,0,0,0,0,0
YON20200904,Yongala,-19.30847,147.61842,2020-09-04T11:11:00Z,2020,9,4,11:11:00,0,0,0,0,0,0,0
PHB20200831,Port Hacking,-34.11923,151.22667,2020-09-01T09:44:00Z,2020,9,1,09:44:00,0,0,0,0,0,0,0
ROT20200825,Rottnest Island,-32,115.41667,2020-08-25T10:40:00Z,2020,8,25,10:40:00,0,0,0,0,0,0,0
NSI20200817,North Stradbroke,-27.345,153.562,2020-08-18T09:50:00Z,2020,8,18,09:50:00,0,0,0,0,0,0,0
PHB20200812,Port Hacking,-34.11923,151.22667,2020-08-13T09:55:00Z,2020,8,13,09:55:00,0,0,0,0,0,0,0
DAR20200810,Darwin,-12.4,130.76805,2020-08-11T08:25:00Z,2020,8,11,08:25:00,0,0,0,0,0,0,0
MAI20200810,Maria Island,-42.59667,148.23333,2020-08-10T10:05:00Z,2020,8,10,10:05:00,0,0,0,0,0,0,0
YON20200802,Yongala,-19.30847,147.61842,2020-08-03T09:15:00Z,2020,8,3,09:15:00,0,0,0,0,0,0,0
ROT20200730,Rottnest Island,-32,115.41667,2020-07-30T09:27:00Z,2020,7,30,09:27:00,0,0,0,0,0,0,0
NSI20200720,North Stradbroke,-27.345,153.562,2020-07-20T10:30:00Z,2020,7,20,10:30:00,0,0,0,0,0,0,0
YON20200710,Yongala,-19.30847,147.61842,2020-07-11T09:25:00Z,2020,7,11,09:25:00,0,0,0,0,0,0,0
ROT20200710,Rottnest Island,-32,115.41667,2020-07-10T10:25:00Z,2020,7,10,10:25:00,0,0,0,0,0,0,0
PHB20200630,Port Hacking,-34.11923,151.22667,2020-07-01T09:18:00Z,2020,7,1,09:18:00,0,0,0,0,0,0,0
MAI20200628,Maria Island,-42.59667,148.23333,2020-06-29T09:45:00Z,2020,6,29,09:45:00,0,0,0,0,0,0,0
NSI20200625,North Stradbroke,-27.345,153.562,2020-06-25T10:35:00Z,2020,6,25,10:35:00,0,0,0,0,0,0,0
YON20200611,Yongala,-19.30847,147.61842,2020-06-12T09:09:00Z,2020,6,12,09:09:00,0,0,0,0,0,0,0
PHB20200609,Port Hacking,-34.11923,151.22667,2020-06-10T09:32:00Z,2020,6,10,09:32:00,0,0,0,0,0,0,0
ROT20200605,Rottnest Island,-32,115.41667,2020-06-05T09:13:00Z,2020,6,5,09:13:00,0,0,0,0,0,0,0
NSI20200528,North Stradbroke,-27.345,153.562,2020-05-28T11:00:00Z,2020,5,28,11:00:00,0,0,0,0,0,0,0
PHB20200520,Port Hacking,-34.11923,151.22667,2020-05-20T10:01:00Z,2020,5,20,10:01:00,0,0,0,0,0,0,0
ROT20200520,Rottnest Island,-32,115.41667,2020-05-20T09:22:00Z,2020,5,20,09:22:00,0,0,0,0,0,0,0
DAR20200511,Darwin,-12.4,130.76805,2020-05-12T08:20:00Z,2020,5,12,08:20:00,0,0,0,0,0,0,0
YON20200422,Yongala,-19.30847,147.61842,2020-04-22T11:24:00Z,2020,4,22,11:24:00,0,0,0,0,0,0,0
YON20200306,Yongala,-19.30847,147.61842,2020-03-06T10:25:00Z,2020,3,6,10:25:00,0,0,0,0,0,0,0
ROT20200304,Rottnest Island,-32,115.41667,2020-03-04T09:25:00Z,2020,3,4,09:25:00,0,0,0,0,0,0,0
NSI20200228,North Stradbroke,-27.345,153.562,2020-02-28T10:30:00Z,2020,2,28,10:30:00,0,0,0,0,0,0,0
PHB20200224,Port Hacking,-34.11923,151.22667,2020-02-25T08:52:00Z,2020,2,25,08:52:00,0,0,0,0,0,0,0
MAI20200223,Maria Island,-42.59667,148.23333,2020-02-24T10:30:00Z,2020,2,24,10:30:00,0,0,0,0,0,0,0
YON20200212,Yongala,-19.30847,147.61842,2020-02-13T09:47:00Z,2020,2,13,09:47:00,0,0,0,0,0,0,0
DAR20200204_0630,Darwin,-12.4,130.76805,2020-02-04T16:01:00Z,2020,2,4,16:01:00,0,0,0,0,0,0,0
KAI20200204,Kangaroo Island,-35.83217,136.44733,2020-02-04T14:25:00Z,2020,2,4,14:25:00,0,0,0,0,0,0,0
ROT20200128,Rottnest Island,-32,115.41667,2020-01-28T09:39:00Z,2020,1,28,09:39:00,0,0,0,0,0,0,0
NSI20200122,North Stradbroke,-27.345,153.562,2020-01-22T10:35:00Z,2020,1,22,10:35:00,0,0,0,0,0,0,0
YON20200116,Yongala,-19.30847,147.61842,2020-01-16T10:05:00Z,2020,1,16,10:05:00,0,0,0,0,0,0,0
MAI20200106,Maria Island,-42.59667,148.23333,2020-01-07T09:45:00Z,2020,1,7,09:45:00,0,0,0,0,0,0,0
NSI20191220,North Stradbroke,-27.345,153.562,2019-12-20T10:20:00Z,2019,12,20,10:20:00,0,0,0,0,0,0,0
ROT20191218,Rottnest Island,-32,115.41667,2019-12-18T09:15:00Z,2019,12,18,09:15:00,0,0,0,0,0,0,0
PHB20191216,Port Hacking,-34.11923,151.22667,2019-12-17T09:02:00Z,2019,12,17,09:02:00,0,0,0,0,0,0,0
MAI20191210,Maria Island,-42.59667,148.23333,2019-12-11T09:30:00Z,2019,12,11,09:30:00,0,0,0,0,0,0,0
YON20191202,Yongala,-19.30847,147.61842,2019-12-03T09:45:00Z,2019,12,3,09:45:00,0,0,0,0,0,0,0
KAI20191127,Kangaroo Island,-35.83217,136.44733,2019-11-27T14:25:00Z,2019,11,27,14:25:00,0,0,0,0,0,0,0
ROT20191126,Rottnest Island,-32,115.41667,2019-11-26T09:30:00Z,2019,11,26,09:30:00,0,0,0,0,0,0,0
MAI20191121,Maria Island,-42.59667,148.23333,2019-11-22T09:23:00Z,2019,11,22,09:23:00,0,0,0,0,0,0,0
PHB20191118,Port Hacking,-34.11923,151.22667,2019-11-19T09:15:00Z,2019,11,19,09:15:00,0,0,0,0,0,0,0
YON20191107,Yongala,-19.30847,147.61842,2019-11-07T10:10:00Z,2019,11,7,10:10:00,0,0,0,0,0,0,0
DAR20191105,Darwin,-12.4,130.76805,2019-11-06T07:38:00Z,2019,11,6,07:38:00,0,0,0,0,0,0,0
ROT20191104,Rottnest Island,-32,115.41667,2019-11-04T09:25:00Z,2019,11,4,09:25:00,0,0,0,0,0,0,0
PHB20191028,Port Hacking,-34.11923,151.22667,2019-10-29T09:30:00Z,2019,10,29,09:30:00,0,0,0,0,0,0,0
NSI20191024,North Stradbroke,-27.345,153.562,2019-10-24T10:20:00Z,2019,10,24,10:20:00,0,0,0,0,0,0,0
MAI20191015,Maria Island,-42.59667,148.23333,2019-10-16T09:40:00Z,2019,10,16,09:40:00,0,0,0,0,0,0,0
ROT20191011,Rottnest Island,-32,115.41667,2019-10-11T10:07:00Z,2019,10,11,10:07:00,0,0,0,0,0,0,0
YON20191009,Yongala,-19.30847,147.61842,2019-10-09T10:00:00Z,2019,10,9,10:00:00,0,0,0,0,0,0,0
MAI20190925,Maria Island,-42.59667,148.23333,2019-09-25T10:03:00Z,2019,9,25,10:03:00,0,0,0,0,0,0,0
PHB20190923,Port Hacking,-34.11923,151.22667,2019-09-24T09:36:00Z,2019,9,24,09:36:00,0,0,0,0,0,0,0
YON20190917,Yongala,-19.30847,147.61842,2019-09-17T10:10:00Z,2019,9,17,10:10:00,0,0,0,0,0,0,0
NSI20190916,North Stradbroke,-27.345,153.562,2019-09-16T10:20:00Z,2019,9,16,10:20:00,0,0,0,0,0,0,0
KAI20190909,Kangaroo Island,-35.83217,136.44733,2019-09-10T07:50:00Z,2019,9,10,07:50:00,0,0,0,0,0,0,0
MAI20190828,Maria Island,-42.59667,148.23333,2019-08-29T09:20:00Z,2019,8,29,09:20:00,0,0,0,0,0,0,0
PHB20190827,Port Hacking,-34.11923,151.22667,2019-08-28T09:59:00Z,2019,8,28,09:59:00,0,0,0,0,0,0,0
YON20190826,Yongala,-19.30847,147.61842,2019-08-26T10:40:00Z,2019,8,26,10:40:00,0,0,0,0,0,0,0
NSI20190821,North Stradbroke,-27.345,153.562,2019-08-21T10:40:00Z,2019,8,21,10:40:00,0,0,0,0,0,0,0
ROT20190819,Rottnest Island,-32,115.41667,2019-08-19T08:31:00Z,2019,8,19,08:31:00,0,0,0,0,0,0,0
YON20190808,Yongala,-19.30847,147.61842,2019-08-08T10:04:00Z,2019,8,8,10:04:00,0,0,0,0,0,0,0
MAI20190731,Maria Island,-42.59667,148.23333,2019-07-31T10:20:00Z,2019,7,31,10:20:00,0,0,0,0,0,0,0
PHB20190729,Port Hacking,-34.11923,151.22667,2019-07-29T10:03:00Z,2019,7,29,10:03:00,0,0,0,0,0,0,0
DAR20190723_0630,Darwin,-12.4,130.76805,2019-07-23T16:00:00Z,2019,7,23,16:00:00,0,0,0,0,0,0,0
NSI20190723,North Stradbroke,-27.345,153.562,2019-07-23T10:20:00Z,2019,7,23,10:20:00,0,0,0,0,0,0,0
ROT20190711,Rottnest Island,-32,115.41667,2019-07-11T09:26:00Z,2019,7,11,09:26:00,0,0,0,0,0,0,0
YON20190703,Yongala,-19.30847,147.61842,2019-07-03T10:50:00Z,2019,7,3,10:50:00,0,0,0,0,0,0,0
PHB20190626,Port Hacking,-34.11923,151.22667,2019-06-27T09:38:00Z,2019,6,27,09:38:00,0,0,0,0,0,0,0
MAI20190624,Maria Island,-42.59667,148.23333,2019-06-24T10:10:00Z,2019,6,24,10:10:00,0,0,0,0,0,0,0
ROT20190621,Rottnest Island,-32,115.41667,2019-06-21T09:15:00Z,2019,6,21,09:15:00,0,0,0,0,0,0,0
NSI20190618,North Stradbroke,-27.345,153.562,2019-06-18T10:00:00Z,2019,6,18,10:00:00,0,0,0,0,0,0,0
DAR20190529,Darwin,-12.4,130.76805,2019-05-30T08:39:00Z,2019,5,30,08:39:00,0,0,0,0,0,0,0
YON20190528,Yongala,-19.30847,147.61842,2019-05-28T10:25:00Z,2019,5,28,10:25:00,0,0,0,0,0,0,0
NSI20190527,North Stradbroke,-27.345,153.562,2019-05-27T10:15:00Z,2019,5,27,10:15:00,0,0,0,0,0,0,0
ROT20190527,Rottnest Island,-32,115.41667,2019-05-27T09:28:00Z,2019,5,27,09:28:00,0,0,0,0,0,0,0
PHB20190522,Port Hacking,-34.11923,151.22667,2019-05-23T08:50:00Z,2019,5,23,08:50:00,0,0,0,0,0,0,0
KAI20190514,Kangaroo Island,-35.83217,136.44733,2019-05-14T15:35:00Z,2019,5,14,15:35:00,0,0,0,0,0,0,0
YON20190507,Yongala,-19.30847,147.61842,2019-05-07T11:30:00Z,2019,5,7,11:30:00,0,0,0,0,0,0,0
ROT20190507,Rottnest Island,-32,115.41667,2019-05-07T09:40:00Z,2019,5,7,09:40:00,0,0,0,0,0,0,0
MAI20190430,Maria Island,-42.59667,148.23333,2019-05-01T09:47:00Z,2019,5,1,09:47:00,0,0,0,0,0,0,0
NSI20190416,North Stradbroke,-27.345,153.562,2019-04-16T10:10:00Z,2019,4,16,10:10:00,0,0,0,0,0,0,0
PHB20190408,Port Hacking,-34.11923,151.22667,2019-04-09T08:50:00Z,2019,4,9,08:50:00,0,0,0,0,0,0,0
NSI20190322,North Stradbroke,-27.345,153.562,2019-03-22T10:50:00Z,2019,3,22,10:50:00,0,0,0,0,0,0,0
MAI20190320,Maria Island,-42.59667,148.23333,2019-03-21T09:35:00Z,2019,3,21,09:35:00,0,0,0,0,0,0,0
KAI20190320,Kangaroo Island,-35.83217,136.44733,2019-03-20T13:40:00Z,2019,3,20,13:40:00,0,0,0,0,0,0,0
YON20190313,Yongala,-19.30847,147.61842,2019-03-13T10:10:00Z,2019,3,13,10:10:00,0,0,0,0,0,0,0
ROT20190306,Rottnest Island,-32,115.41667,2019-03-06T10:24:00Z,2019,3,6,10:24:00,0,0,0,0,0,0,0
PHB20190227,Port Hacking,-34.11923,151.22667,2019-02-28T10:35:00Z,2019,2,28,10:35:00,0,0,0,0,0,0,0
ROT20190221,Rottnest Island,-32,115.41667,2019-02-21T09:30:00Z,2019,2,21,09:30:00,0,0,0,0,0,0,0
DAR20190213_2130,Darwin,-12.4,130.76805,2019-02-14T07:00:00Z,2019,2,14,07:00:00,0,0,0,0,0,0,0
YON20190213,Yongala,-19.30847,147.61842,2019-02-13T10:26:00Z,2019,2,13,10:26:00,0,0,0,0,0,0,0
ROT20190125,Rottnest Island,-32,115.41667,2019-01-25T09:35:00Z,2019,1,25,09:35:00,0,0,0,0,0,0,0
YON20190124,Yongala,-19.30847,147.61842,2019-01-24T11:12:00Z,2019,1,24,11:12:00,0,0,0,0,0,0,0
PHB20190121,Port Hacking,-34.11923,151.22667,2019-01-22T09:43:00Z,2019,1,22,09:43:00,0,0,0,0,0,0,0
NSI20190118,North Stradbroke,-27.345,153.562,2019-01-18T10:40:00Z,2019,1,18,10:40:00,0,0,0,0,0,0,0
MAI20190106,Maria Island,-42.59667,148.23333,2019-01-07T08:50:00Z,2019,1,7,08:50:00,0,0,0,0,0,0,0
PHB20181218,Port Hacking,-34.11923,151.22667,2018-12-19T09:40:00Z,2018,12,19,09:40:00,0,0,0,0,0,0,0
YON20181213,Yongala,-19.30847,147.61842,2018-12-13T10:30:00Z,2018,12,13,10:30:00,0,0,0,0,0,0,0
ROT20181211,Rottnest Island,-32,115.41667,2018-12-11T09:24:00Z,2018,12,11,09:24:00,0,0,0,0,0,0,0
MAI20181204,Maria Island,-42.59667,148.23333,2018-12-05T09:10:00Z,2018,12,5,09:10:00,0,0,0,0,0,0,0
KAI20181204,Kangaroo Island,-35.83217,136.44733,2018-12-04T15:39:00Z,2018,12,4,15:39:00,0,0,0,0,0,0,0
ROT20181130,Rottnest Island,-32,115.41667,2018-11-30T09:33:00Z,2018,11,30,09:33:00,0,0,0,0,0,0,0
YON20181123,Yongala,-19.30847,147.61842,2018-11-23T10:05:00Z,2018,11,23,10:05:00,0,0,0,0,0,0,0
PHB20181120,Port Hacking,-34.11923,151.22667,2018-11-21T09:24:00Z,2018,11,21,09:24:00,0,0,0,0,0,0,0
NSI20181115,North Stradbroke,-27.345,153.562,2018-11-15T10:40:00Z,2018,11,15,10:40:00,0,0,0,0,0,0,0
DAR20181030,Darwin,-12.4,130.76805,2018-10-31T08:26:00Z,2018,10,31,08:26:00,0,0,0,0,0,0,0
ROT20181024,Rottnest Island,-32,115.41667,2018-10-24T09:18:00Z,2018,10,24,09:18:00,0,0,0,0,0,0,0
NSI20181023,North Stradbroke,-27.345,153.562,2018-10-23T10:30:00Z,2018,10,23,10:30:00,0,0,0,0,0,0,0
MAI20181018,Maria Island,-42.59667,148.23333,2018-10-19T08:45:00Z,2018,10,19,08:45:00,0,0,0,0,0,0,0
YON20181011,Yongala,-19.30847,147.61842,2018-10-11T10:54:00Z,2018,10,11,10:54:00,0,0,0,0,0,0,0
YON20180927,Yongala,-19.30847,147.61842,2018-09-27T10:52:00Z,2018,9,27,10:52:00,0,0,0,0,0,0,0
PHB20180927,Port Hacking,-34.11923,151.22667,2018-09-27T10:43:00Z,2018,9,27,10:43:00,0,0,0,0,0,0,0
ROT20180921,Rottnest Island,-32,115.41667,2018-09-21T09:27:00Z,2018,9,21,09:27:00,0,0,0,0,0,0,0
MAI20180919,Maria Island,-42.59667,148.23333,2018-09-20T09:50:00Z,2018,9,20,09:50:00,0,0,0,0,0,0,0
NSI20180913,North Stradbroke,-27.345,153.562,2018-09-13T10:20:00Z,2018,9,13,10:20:00,0,0,0,0,0,0,0
PHB20180905,Port Hacking,-34.11923,151.22667,2018-09-05T10:50:00Z,2018,9,5,10:50:00,0,0,0,0,0,0,0
ROT20180831,Rottnest Island,-32,115.41667,2018-08-31T10:07:00Z,2018,8,31,10:07:00,0,0,0,0,0,0,0
KAI20180820,Kangaroo Island,-35.83217,136.44733,2018-08-21T08:00:00Z,2018,8,21,08:00:00,0,0,0,0,0,0,0
YON20180817,Yongala,-19.30847,147.61842,2018-08-17T10:23:00Z,2018,8,17,10:23:00,0,0,0,0,0,0,0
NSI20180817,North Stradbroke,-27.345,153.562,2018-08-17T10:20:00Z,2018,8,17,10:20:00,0,0,0,0,0,0,0
DAR20180731_0630,Darwin,-12.4,130.76805,2018-07-31T16:00:00Z,2018,7,31,16:00:00,0,0,0,0,0,0,0
ROT20180727,Rottnest Island,-32,115.41667,2018-07-27T09:33:00Z,2018,7,27,09:33:00,0,0,0,0,0,0,0
PHB20180724,Port Hacking,-34.11923,151.22667,2018-07-25T09:33:00Z,2018,7,25,09:33:00,0,0,0,0,0,0,0
YON20180720,Yongala,-19.30847,147.61842,2018-07-20T10:56:00Z,2018,7,20,10:56:00,0,0,0,0,0,0,0
ROT20180719,Rottnest Island,-32,115.41667,2018-07-19T09:35:00Z,2018,7,19,09:35:00,0,0,0,0,0,0,0
NSI20180718,North Stradbroke,-27.345,153.562,2018-07-18T10:20:00Z,2018,7,18,10:20:00,0,0,0,0,0,0,0
MAI20180711,Maria Island,-42.59667,148.23333,2018-07-12T08:40:00Z,2018,7,12,08:40:00,0,0,0,0,0,0,0
MAI20180627,Maria Island,-42.59667,148.23333,2018-06-28T09:00:00Z,2018,6,28,09:00:00,0,0,0,0,0,0,0
PHB20180626,Port Hacking,-34.11923,151.22667,2018-06-27T09:41:00Z,2018,6,27,09:41:00,0,0,0,0,0,0,0
YON20180621,Yongala,-19.30847,147.61842,2018-06-21T11:30:00Z,2018,6,21,11:30:00,0,0,0,0,0,0,0
ROT20180620,Rottnest Island,-32,115.41667,2018-06-20T09:56:00Z,2018,6,20,09:56:00,0,0,0,0,0,0,0
MAI20180605,Maria Island,-42.59667,148.23333,2018-06-06T09:30:00Z,2018,6,6,09:30:00,0,0,0,0,0,0,0
YON20180602,Yongala,-19.30847,147.61842,2018-06-03T09:10:00Z,2018,6,3,09:10:00,0,0,0,0,0,0,0
NSI20180530,North Stradbroke,-27.345,153.562,2018-05-30T10:20:00Z,2018,5,30,10:20:00,0,0,0,0,0,0,0
PHB20180528,Port Hacking,-34.11923,151.22667,2018-05-29T09:50:00Z,2018,5,29,09:50:00,0,0,0,0,0,0,0
KAI20180515,Kangaroo Island,-35.83217,136.44733,2018-05-16T08:15:00Z,2018,5,16,08:15:00,0,0,0,0,0,0,0
ROT20180511,Rottnest Island,-32,115.41667,2018-05-11T09:21:00Z,2018,5,11,09:21:00,0,0,0,0,0,0,0
DAR20180509,Darwin,-12.4,130.76805,2018-05-10T07:02:00Z,2018,5,10,07:02:00,0,0,0,0,0,0,0
YON20180425,Yongala,-19.30847,147.61842,2018-04-26T09:48:00Z,2018,4,26,09:48:00,0,0,0,0,0,0,0
MAI20180418,Maria Island,-42.59667,148.23333,2018-04-19T09:30:00Z,2018,4,19,09:30:00,0,0,0,0,0,0,0
NSI20180417,North Stradbroke,-27.345,153.562,2018-04-17T10:15:00Z,2018,4,17,10:15:00,0,0,0,0,0,0,0
YON20180329,Yongala,-19.30847,147.61842,2018-03-29T10:27:00Z,2018,3,29,10:27:00,0,0,0,0,0,0,0
ROT20180328,Rottnest Island,-32,115.41667,2018-03-28T09:23:00Z,2018,3,28,09:23:00,0,0,0,0,0,0,0
PHB20180326,Port Hacking,-34.11923,151.22667,2018-03-27T09:40:00Z,2018,3,27,09:40:00,0,0,0,0,0,0,0
NSI20180320,North Stradbroke,-27.345,153.562,2018-03-20T10:40:00Z,2018,3,20,10:40:00,0,0,0,0,0,0,0
MAI20180315,Maria Island,-42.59667,148.23333,2018-03-16T08:45:00Z,2018,3,16,08:45:00,0,0,0,0,0,0,0
KAI20180307,Kangaroo Island,-35.83217,136.44733,2018-03-07T12:20:00Z,2018,3,7,12:20:00,0,0,0,0,0,0,0
NSI20180302,North Stradbroke,-27.345,153.562,2018-03-02T10:25:00Z,2018,3,2,10:25:00,0,0,0,0,0,0,0
MAI20180301,Maria Island,-42.59667,148.23333,2018-03-02T09:30:00Z,2018,3,2,09:30:00,0,0,0,0,0,0,0
PHB20180221,Port Hacking,-34.11923,151.22667,2018-02-22T09:18:00Z,2018,2,22,09:18:00,0,0,0,0,0,0,0
ROT20180221,Rottnest Island,-32,115.41667,2018-02-21T10:05:00Z,2018,2,21,10:05:00,0,0,0,0,0,0,0
YON20180220,Yongala,-19.30847,147.61842,2018-02-20T10:30:00Z,2018,2,20,10:30:00,0,0,0,0,0,0,0
DAR20180208_2130,Darwin,-12.4,130.76805,2018-02-09T07:00:00Z,2018,2,9,07:00:00,0,0,0,0,0,0,0
YON20180130,Yongala,-19.30847,147.61842,2018-01-30T10:05:00Z,2018,1,30,10:05:00,0,0,0,0,0,0,0
ROT20180125,Rottnest Island,-32,115.41667,2018-01-25T10:00:00Z,2018,1,25,10:00:00,0,0,0,0,0,0,0
PHB20180123,Port Hacking,-34.11923,151.22667,2018-01-24T09:41:00Z,2018,1,24,09:41:00,0,0,0,0,0,0,0
NSI20180123,North Stradbroke,-27.345,153.562,2018-01-23T10:20:00Z,2018,1,23,10:20:00,0,0,0,0,0,0,0
MAI20180116,Maria Island,-42.59667,148.23333,2018-01-17T10:30:00Z,2018,1,17,10:30:00,0,0,0,0,0,0,0
NSI20171219,North Stradbroke,-27.345,153.562,2017-12-19T10:45:00Z,2017,12,19,10:45:00,0,0,0,0,0,0,0
MAI20171217,Maria Island,-42.59667,148.23333,2017-12-18T09:40:00Z,2017,12,18,09:40:00,0,0,0,0,0,0,0
YON20171215,Yongala,-19.30847,147.61842,2017-12-15T10:44:00Z,2017,12,15,10:44:00,0,0,0,0,0,0,0
ROT20171214,Rottnest Island,-32,115.41667,2017-12-14T09:37:00Z,2017,12,14,09:37:00,0,0,0,0,0,0,0
PHB20171211,Port Hacking,-34.11923,151.22667,2017-12-12T08:54:00Z,2017,12,12,08:54:00,0,0,0,0,0,0,0
YON20171130,Yongala,-19.30847,147.61842,2017-11-30T10:34:00Z,2017,11,30,10:34:00,0,0,0,0,0,0,0
KAI20171129,Kangaroo Island,-35.83217,136.44733,2017-11-29T14:50:00Z,2017,11,29,14:50:00,0,0,0,0,0,0,0
MAI20171123,Maria Island,-42.59667,148.23333,2017-11-24T09:50:00Z,2017,11,24,09:50:00,0,0,0,0,0,0,0
ROT20171123,Rottnest Island,-32,115.41667,2017-11-23T10:05:00Z,2017,11,23,10:05:00,0,0,0,0,0,0,0
NSI20171116,North Stradbroke,-27.345,153.562,2017-11-16T10:30:00Z,2017,11,16,10:30:00,0,0,0,0,0,0,0
ROT20171103,Rottnest Island,-32,115.41667,2017-11-03T09:25:00Z,2017,11,3,09:25:00,0,0,0,0,0,0,0
YON20171025,Yongala,-19.30847,147.61842,2017-10-26T09:56:00Z,2017,10,26,09:56:00,0,0,0,0,0,0,0
PHB20171024,Port Hacking,-34.11923,151.22667,2017-10-25T09:01:00Z,2017,10,25,09:01:00,0,0,0,0,0,0,0
NSI20171023,North Stradbroke,-27.345,153.562,2017-10-23T10:25:00Z,2017,10,23,10:25:00,0,0,0,0,0,0,0
MAI20171015,Maria Island,-42.59667,148.23333,2017-10-16T09:50:00Z,2017,10,16,09:50:00,0,0,0,0,0,0,0
DAR20171009,Darwin,-12.4,130.76805,2017-10-10T07:57:00Z,2017,10,10,07:57:00,0,0,0,0,0,0,0
NSI20170927,North Stradbroke,-27.345,153.562,2017-09-27T10:40:00Z,2017,9,27,10:40:00,0,0,0,0,0,0,0
MAI20170921,Maria Island,-42.59667,148.23333,2017-09-22T09:15:00Z,2017,9,22,09:15:00,0,0,0,0,0,0,0
PHB20170921,Port Hacking,-34.11923,151.22667,2017-09-22T08:48:00Z,2017,9,22,08:48:00,0,0,0,0,0,0,0
ROT20170914,Rottnest Island,-32,115.41667,2017-09-14T09:45:00Z,2017,9,14,09:45:00,0,0,0,0,0,0,0
KAI20170908,Kangaroo Island,-35.83217,136.44733,2017-09-08T15:00:00Z,2017,9,8,15:00:00,0,0,0,0,0,0,0
YON20170906,Yongala,-19.30847,147.61842,2017-09-06T10:00:00Z,2017,9,6,10:00:00,0,0,0,0,0,0,0
NSI20170829,North Stradbroke,-27.345,153.562,2017-08-29T11:50:00Z,2017,8,29,11:50:00,0,0,0,0,0,0,0
PHB20170821,Port Hacking,-34.11923,151.22667,2017-08-22T09:50:00Z,2017,8,22,09:50:00,0,0,0,0,0,0,0
YON20170816,Yongala,-19.30847,147.61842,2017-08-16T10:24:00Z,2017,8,16,10:24:00,0,0,0,0,0,0,0
ROT20170802,Rottnest Island,-32,115.41667,2017-08-02T09:33:00Z,2017,8,2,09:33:00,0,0,0,0,0,0,0
MAI20170801,Maria Island,-42.59667,148.23333,2017-08-01T10:01:00Z,2017,8,1,10:01:00,0,0,0,0,0,0,0
YON20170724,Yongala,-19.30847,147.61842,2017-07-24T10:45:00Z,2017,7,24,10:45:00,0,0,0,0,0,0,0
NSI20170717,North Stradbroke,-27.345,153.562,2017-07-17T11:05:00Z,2017,7,17,11:05:00,0,0,0,0,0,0,0
PHB20170716,Port Hacking,-34.11923,151.22667,2017-07-17T09:42:00Z,2017,7,17,09:42:00,0,0,0,0,0,0,0
DAR20170715_0030,Darwin,-12.4,130.76805,2017-07-15T10:00:00Z,2017,7,15,10:00:00,0,0,0,0,0,0,0
YON20170705,Yongala,-19.30847,147.61842,2017-07-05T10:21:00Z,2017,7,5,10:21:00,0,0,0,0,0,0,0
NSI20170627,North Stradbroke,-27.345,153.562,2017-06-27T10:20:00Z,2017,6,27,10:20:00,0,0,0,0,0,0,0
MAI20170626,Maria Island,-42.59667,148.23333,2017-06-27T09:25:00Z,2017,6,27,09:25:00,0,0,0,0,0,0,0
ROT20170626,Rottnest Island,-32,115.41667,2017-06-26T09:46:00Z,2017,6,26,09:46:00,0,0,0,0,0,0,0
PHB20170614,Port Hacking,-34.11923,151.22667,2017-06-15T08:52:00Z,2017,6,15,08:52:00,0,0,0,0,0,0,0
MAI20170601,Maria Island,-42.59667,148.23333,2017-06-02T09:00:00Z,2017,6,2,09:00:00,0,0,0,0,0,0,0
YON20170528,Yongala,-19.30847,147.61842,2017-05-29T08:11:00Z,2017,5,29,08:11:00,0,0,0,0,0,0,0
ROT20170523,Rottnest Island,-32,115.41667,2017-05-23T09:53:00Z,2017,5,23,09:53:00,0,0,0,0,0,0,0
KAI20170518,Kangaroo Island,-35.83217,136.44733,2017-05-18T11:15:00Z,2017,5,18,11:15:00,0,0,0,0,0,0,0
PHB20170517,Port Hacking,-34.11923,151.22667,2017-05-18T09:45:00Z,2017,5,18,09:45:00,0,0,0,0,0,0,0
DAR20170516,Darwin,-12.4,130.76805,2017-05-17T08:47:00Z,2017,5,17,08:47:00,0,0,0,0,0,0,0
NSI20170516,North Stradbroke,-27.345,153.562,2017-05-16T10:20:00Z,2017,5,16,10:20:00,0,0,0,0,0,0,0
ROT20170428,Rottnest Island,-32,115.41667,2017-04-28T09:52:00Z,2017,4,28,09:52:00,0,0,0,0,0,0,0
YON20170426,Yongala,-19.30847,147.61842,2017-04-26T10:20:00Z,2017,4,26,10:20:00,0,0,0,0,0,0,0
NSI20170424,North Stradbroke,-27.345,153.562,2017-04-24T11:00:00Z,2017,4,24,11:00:00,0,0,0,0,0,0,0
MAI20170412,Maria Island,-42.59667,148.23333,2017-04-12T10:15:00Z,2017,4,12,10:15:00,0,0,0,0,0,0,0
ROT20170407,Rottnest Island,-32,115.41667,2017-04-07T09:28:00Z,2017,4,7,09:28:00,0,0,0,0,0,0,0
ROT20170331,Rottnest Island,-32,115.41667,2017-03-31T10:24:00Z,2017,3,31,10:24:00,0,0,0,0,0,0,0
MAI20170323,Maria Island,-42.59667,148.23333,2017-03-24T09:30:00Z,2017,3,24,09:30:00,0,0,0,0,0,0,0
YON20170322,Yongala,-19.30847,147.61842,2017-03-22T12:00:00Z,2017,3,22,12:00:00,0,0,0,0,0,0,0
PHB20170321,Port Hacking,-34.11923,151.22667,2017-03-22T09:21:00Z,2017,3,22,09:21:00,0,0,0,0,0,0,0
KAI20170315,Kangaroo Island,-35.83217,136.44733,2017-03-15T12:27:00Z,2017,3,15,12:27:00,0,0,0,0,0,0,0
ROT20170303,Rottnest Island,-32,115.41667,2017-03-03T10:30:00Z,2017,3,3,10:30:00,0,0,0,0,0,0,0
MAI20170223,Maria Island,-42.59667,148.23333,2017-02-24T08:50:00Z,2017,2,24,08:50:00,0,0,0,0,0,0,0
YON20170220,Yongala,-19.30847,147.61842,2017-02-20T10:29:00Z,2017,2,20,10:29:00,0,0,0,0,0,0,0
NSI20170217,North Stradbroke,-27.345,153.562,2017-02-17T10:30:00Z,2017,2,17,10:30:00,0,0,0,0,0,0,0
PHB20170205,Port Hacking,-34.11923,151.22667,2017-02-06T10:49:00Z,2017,2,6,10:49:00,0,0,0,0,0,0,0
DAR20170203_0630,Darwin,-12.4,130.76805,2017-02-03T16:00:00Z,2017,2,3,16:00:00,0,0,0,0,0,0,0
ROT20170120,Rottnest Island,-32,115.41667,2017-01-20T10:20:00Z,2017,1,20,10:20:00,0,0,0,0,0,0,0
YON20170120,Yongala,-19.30847,147.61842,2017-01-20T10:00:00Z,2017,1,20,10:00:00,0,0,0,0,0,0,0
NSI20170117,North Stradbroke,-27.345,153.562,2017-01-17T10:30:00Z,2017,1,17,10:30:00,0,0,0,0,0,0,0
MAI20170104,Maria Island,-42.59667,148.23333,2017-01-05T09:45:00Z,2017,1,5,09:45:00,0,0,0,0,0,0,0
NSI20161215,North Stradbroke,-27.345,153.562,2016-12-15T10:15:00Z,2016,12,15,10:15:00,0,0,0,0,0,0,0
ROT20161214,Rottnest Island,-32,115.41667,2016-12-14T09:35:00Z,2016,12,14,09:35:00,0,0,0,0,0,0,0
YON20161207,Yongala,-19.30847,147.61842,2016-12-07T10:15:00Z,2016,12,7,10:15:00,0,0,0,0,0,0,0
PHB20161204,Port Hacking,-34.11923,151.22667,2016-12-05T09:45:00Z,2016,12,5,09:45:00,0,0,0,0,0,0,0
KAI20161118,Kangaroo Island,-35.83217,136.44733,2016-11-18T12:45:00Z,2016,11,18,12:45:00,0,0,0,0,0,0,0
MAI20161117,Maria Island,-42.59667,148.23333,2016-11-18T09:10:00Z,2016,11,18,09:10:00,0,0,0,0,0,0,0
NSI20161116,North Stradbroke,-27.345,153.562,2016-11-16T10:15:00Z,2016,11,16,10:15:00,0,0,0,0,0,0,0
ROT20161114,Rottnest Island,-32,115.41667,2016-11-14T09:45:00Z,2016,11,14,09:45:00,0,0,0,0,0,0,0
YON20161108,Yongala,-19.30847,147.61842,2016-11-08T10:50:00Z,2016,11,8,10:50:00,0,0,0,0,0,0,0
DAR20161107,Darwin,-12.4,130.76805,2016-11-08T08:11:00Z,2016,11,8,08:11:00,0,0,0,0,0,0,0
PHB20161030,Port Hacking,-34.11923,151.22667,2016-10-31T09:35:00Z,2016,10,31,09:35:00,0,0,0,0,0,0,0
ROT20161024,Rottnest Island,-32,115.41667,2016-10-24T09:35:00Z,2016,10,24,09:35:00,0,0,0,0,0,0,0
NSI20161019,North Stradbroke,-27.345,153.562,2016-10-20T09:40:00Z,2016,10,20,09:40:00,0,0,0,0,0,0,0
YON20161012,Yongala,-19.30847,147.61842,2016-10-12T10:26:00Z,2016,10,12,10:26:00,0,0,0,0,0,0,0
ROT20161004,Rottnest Island,-32,115.41667,2016-10-04T10:38:00Z,2016,10,4,10:38:00,0,0,0,0,0,0,0
YON20160927,Yongala,-19.30847,147.61842,2016-09-27T10:33:00Z,2016,9,27,10:33:00,0,0,0,0,0,0,0
MAI20160927,Maria Island,-42.59667,148.23333,2016-09-27T10:10:00Z,2016,9,27,10:10:00,0,0,0,0,0,0,0
PHB20160926,Port Hacking,-34.11923,151.22667,2016-09-27T09:54:00Z,2016,9,27,09:54:00,0,0,0,0,0,0,0
NSI20160920,North Stradbroke,-27.345,153.562,2016-09-20T10:15:00Z,2016,9,20,10:15:00,0,0,0,0,0,0,0
KAI20160915,Kangaroo Island,-35.83217,136.44733,2016-09-15T11:18:00Z,2016,9,15,11:18:00,0,0,0,0,0,0,0
MAI20160831,Maria Island,-42.59667,148.23333,2016-08-31T10:26:00Z,2016,8,31,10:26:00,0,0,0,0,0,0,0
PHB20160829,Port Hacking,-34.11923,151.22667,2016-08-30T09:20:00Z,2016,8,30,09:20:00,0,0,0,0,0,0,0
YON20160823,Yongala,-19.30847,147.61842,2016-08-23T10:19:00Z,2016,8,23,10:19:00,0,0,0,0,0,0,0
NSI20160822,North Stradbroke,-27.345,153.562,2016-08-22T10:50:00Z,2016,8,22,10:50:00,0,0,0,0,0,0,0
YON20160725,Yongala,-19.30847,147.61842,2016-07-25T10:25:00Z,2016,7,25,10:25:00,0,0,0,0,0,0,0
DAR20160724_0730,Darwin,-12.4,130.76805,2016-07-24T17:00:00Z,2016,7,24,17:00:00,0,0,0,0,0,0,0
MAI20160720,Maria Island,-42.59667,148.23333,2016-07-21T09:30:00Z,2016,7,21,09:30:00,0,0,0,0,0,0,0
PHB20160719,Port Hacking,-34.11923,151.22667,2016-07-19T10:19:00Z,2016,7,19,10:19:00,0,0,0,0,0,0,0
MAI20160630,Maria Island,-42.59667,148.23333,2016-07-01T09:30:00Z,2016,7,1,09:30:00,0,0,0,0,0,0,0
YON20160624,Yongala,-19.30847,147.61842,2016-06-24T10:00:00Z,2016,6,24,10:00:00,0,0,0,0,0,0,0
NSI20160623,North Stradbroke,-27.345,153.562,2016-06-23T10:30:00Z,2016,6,23,10:30:00,0,0,0,0,0,0,0
ROT20160621,Rottnest Island,-32,115.41667,2016-06-21T09:26:00Z,2016,6,21,09:26:00,0,0,0,0,0,0,0
PHB20160615,Port Hacking,-34.11923,151.22667,2016-06-15T11:06:00Z,2016,6,15,11:06:00,0,0,0,0,0,0,0
YON20160601,Yongala,-19.30847,147.61842,2016-06-01T10:46:00Z,2016,6,1,10:46:00,0,0,0,0,0,0,0
MAI20160530,Maria Island,-42.59667,148.23333,2016-05-31T09:45:00Z,2016,5,31,09:45:00,0,0,0,0,0,0,0
DAR20160530,Darwin,-12.4,130.76805,2016-05-31T07:50:00Z,2016,5,31,07:50:00,0,0,0,0,0,0,0
ROT20160527,Rottnest Island,-32,115.41667,2016-05-27T09:30:00Z,2016,5,27,09:30:00,0,0,0,0,0,0,0
KAI20160525,Kangaroo Island,-35.83217,136.44733,2016-05-26T07:35:00Z,2016,5,26,07:35:00,0,0,0,0,0,0,0
NSI20160517,North Stradbroke,-27.345,153.562,2016-05-17T10:30:00Z,2016,5,17,10:30:00,0,0,0,0,0,0,0
YON20160503,Yongala,-19.30847,147.61842,2016-05-03T10:01:00Z,2016,5,3,10:01:00,0,0,0,0,0,0,0
PHB20160502,Port Hacking,-34.11923,151.22667,2016-05-03T09:14:00Z,2016,5,3,09:14:00,0,0,0,0,0,0,0
ROT20160502,Rottnest Island,-32,115.41667,2016-05-02T09:44:00Z,2016,5,2,09:44:00,0,0,0,0,0,0,0
MAI20160428,Maria Island,-42.59667,148.23333,2016-04-28T10:47:00Z,2016,4,28,10:47:00,0,0,0,0,0,0,0
ROT20160413,Rottnest Island,-32,115.41667,2016-04-13T09:30:00Z,2016,4,13,09:30:00,0,0,0,0,0,0,0
NSI20160412,North Stradbroke,-27.345,153.562,2016-04-12T10:45:00Z,2016,4,12,10:45:00,0,0,0,0,0,0,0
PHB20160407,Port Hacking,-34.11923,151.22667,2016-04-08T09:13:00Z,2016,4,8,09:13:00,0,0,0,0,0,0,0
ROT20160324,Rottnest Island,-32,115.41667,2016-03-24T09:47:00Z,2016,3,24,09:47:00,0,0,0,0,0,0,0
MAI20160321,Maria Island,-42.59667,148.23333,2016-03-22T10:11:00Z,2016,3,22,10:11:00,0,0,0,0,0,0,0
YON20160321,Yongala,-19.30847,147.61842,2016-03-21T10:31:00Z,2016,3,21,10:31:00,0,0,0,0,0,0,0
NSI20160318,North Stradbroke,-27.345,153.562,2016-03-18T10:30:00Z,2016,3,18,10:30:00,0,0,0,0,0,0,0
MAI20160303,Maria Island,-42.59667,148.23333,2016-03-04T10:15:00Z,2016,3,4,10:15:00,0,0,0,0,0,0,0
PHB20160229,Port Hacking,-34.11923,151.22667,2016-03-01T09:00:00Z,2016,3,1,09:00:00,0,0,0,0,0,0,0
KAI20160223,Kangaroo Island,-35.83217,136.44733,2016-02-24T07:55:00Z,2016,2,24,07:55:00,0,0,0,0,0,0,0
ROT20160223,Rottnest Island,-32,115.41667,2016-02-23T08:57:00Z,2016,2,23,08:57:00,0,0,0,0,0,0,0
YON20160215,Yongala,-19.30847,147.61842,2016-02-15T10:18:00Z,2016,2,15,10:18:00,0,0,0,0,0,0,0
MAI20160209,Maria Island,-42.59667,148.23333,2016-02-10T10:45:00Z,2016,2,10,10:45:00,0,0,0,0,0,0,0
DAR20160202_0630,Darwin,-12.4,130.76805,2016-02-02T16:00:00Z,2016,2,2,16:00:00,0,0,0,0,0,0,0
PHB20160201,Port Hacking,-34.11923,151.22667,2016-02-02T10:52:00Z,2016,2,2,10:52:00,0,0,0,0,0,0,0
YON20160122,Yongala,-19.30847,147.61842,2016-01-22T10:39:00Z,2016,1,22,10:39:00,0,0,0,0,0,0,0
NSI20160120,North Stradbroke,-27.345,153.562,2016-01-20T10:30:00Z,2016,1,20,10:30:00,0,0,0,0,0,0,0
MAI20151216,Maria Island,-42.59667,148.23333,2015-12-17T09:35:00Z,2015,12,17,09:35:00,0,0,0,0,0,0,0
NSI20151216,North Stradbroke,-27.345,153.562,2015-12-16T10:30:00Z,2015,12,16,10:30:00,0,0,0,0,0,0,0
ROT20151215,Rottnest Island,-32,115.41667,2015-12-15T08:22:00Z,2015,12,15,08:22:00,0,0,0,0,0,0,0
YON20151203,Yongala,-19.30847,147.61842,2015-12-03T11:00:00Z,2015,12,3,11:00:00,0,0,0,0,0,0,0
MAI20151118,Maria Island,-42.59667,148.23333,2015-11-19T10:45:00Z,2015,11,19,10:45:00,0,0,0,0,0,0,0
NSI20151119,North Stradbroke,-27.345,153.562,2015-11-19T10:24:00Z,2015,11,19,10:24:00,0,0,0,0,0,0,0
DAR20151117,Darwin,-12.4,130.76805,2015-11-18T08:16:00Z,2015,11,18,08:16:00,0,0,0,0,0,0,0
KAI20151116,Kangaroo Island,-35.83217,136.44733,2015-11-17T09:50:00Z,2015,11,17,09:50:00,0,0,0,0,0,0,0
PHB20151115,Port Hacking,-34.11923,151.22667,2015-11-16T09:33:00Z,2015,11,16,09:33:00,0,0,0,0,0,0,0
YON20151111,Yongala,-19.30847,147.61842,2015-11-11T10:45:00Z,2015,11,11,10:45:00,0,0,0,0,0,0,0
NSI20151027,North Stradbroke,-27.345,153.562,2015-10-27T10:50:00Z,2015,10,27,10:50:00,0,0,0,0,0,0,0
YON20151027,Yongala,-19.30847,147.61842,2015-10-27T10:10:00Z,2015,10,27,10:10:00,0,0,0,0,0,0,0
ROT20151022,Rottnest Island,-32,115.41667,2015-10-22T09:36:00Z,2015,10,22,09:36:00,0,0,0,0,0,0,0
PHB20151013,Port Hacking,-34.11923,151.22667,2015-10-14T09:42:00Z,2015,10,14,09:42:00,0,0,0,0,0,0,0
MAI20151001,Maria Island,-42.59667,148.23333,2015-10-01T11:05:00Z,2015,10,1,11:05:00,0,0,0,0,0,0,0
ROT20150924,Rottnest Island,-32,115.41667,2015-09-24T10:08:00Z,2015,9,24,10:08:00,0,0,0,0,0,0,0
YON20150923,Yongala,-19.30847,147.61842,2015-09-23T13:11:00Z,2015,9,23,13:11:00,0,0,0,0,0,0,0
KAI20150909,Kangaroo Island,-35.83217,136.44733,2015-09-09T12:50:00Z,2015,9,9,12:50:00,0,0,0,0,0,0,0
NSI20150907,North Stradbroke,-27.345,153.562,2015-09-07T10:40:00Z,2015,9,7,10:40:00,0,0,0,0,0,0,0
ROT20150827,Rottnest Island,-32,115.41667,2015-08-27T11:15:00Z,2015,8,27,11:15:00,0,0,0,0,0,0,0
YON20150825,Yongala,-19.30847,147.61842,2015-08-25T10:45:00Z,2015,8,25,10:45:00,0,0,0,0,0,0,0
PHB20150819,Port Hacking,-34.11923,151.22667,2015-08-19T10:03:00Z,2015,8,19,10:03:00,0,0,0,0,0,0,0
NSI20150817,North Stradbroke,-27.345,153.562,2015-08-17T10:30:00Z,2015,8,17,10:30:00,0,0,0,0,0,0,0
MAI20150811,Maria Island,-42.59667,148.23333,2015-08-12T09:35:00Z,2015,8,12,09:35:00,0,0,0,0,0,0,0
YON20150804,Yongala,-19.30847,147.61842,2015-08-04T11:45:00Z,2015,8,4,11:45:00,0,0,0,0,0,0,0
DAR20150803_22:30,Darwin,-12.4,130.76805,2015-08-04T08:00:00Z,2015,8,4,08:00:00,0,0,0,0,0,0,0
NSI20150731,North Stradbroke,-27.345,153.562,2015-07-31T10:15:00Z,2015,7,31,10:15:00,0,0,0,0,0,0,0
ROT20150724,Rottnest Island,-32,115.41667,2015-07-24T09:20:00Z,2015,7,24,09:20:00,0,0,0,0,0,0,0
MAI20150723,Maria Island,-42.59667,148.23333,2015-07-23T10:45:00Z,2015,7,23,10:45:00,0,0,0,0,0,0,0
PHB20150723,Port Hacking,-34.11923,151.22667,2015-07-23T10:07:00Z,2015,7,23,10:07:00,0,0,0,0,0,0,0
PHB20150630,Port Hacking,-34.11923,151.22667,2015-06-30T11:11:00Z,2015,6,30,11:11:00,0,0,0,0,0,0,0
KAI20150629,Kangaroo Island,-35.83217,136.44733,2015-06-30T07:35:00Z,2015,6,30,07:35:00,0,0,0,0,0,0,0
NSI20150624,North Stradbroke,-27.345,153.562,2015-06-24T10:30:00Z,2015,6,24,10:30:00,0,0,0,0,0,0,0
YON20150618,Yongala,-19.30847,147.61842,2015-06-18T10:55:00Z,2015,6,18,10:55:00,0,0,0,0,0,0,0
YON20150601,Yongala,-19.30847,147.61842,2015-06-01T12:55:00Z,2015,6,1,12:55:00,0,0,0,0,0,0,0
NSI20150528,North Stradbroke,-27.345,153.562,2015-05-28T10:15:00Z,2015,5,28,10:15:00,0,0,0,0,0,0,0
MAI20150526,Maria Island,-42.59667,148.23333,2015-05-26T10:35:00Z,2015,5,26,10:35:00,0,0,0,0,0,0,0
PHB20150518,Port Hacking,-34.11923,151.22667,2015-05-19T09:43:00Z,2015,5,19,09:43:00,0,0,0,0,0,0,0
NSI20150512,North Stradbroke,-27.345,153.562,2015-05-12T10:15:00Z,2015,5,12,10:15:00,0,0,0,0,0,0,0
ROT20150507,Rottnest Island,-32,115.41667,2015-05-07T09:36:00Z,2015,5,7,09:36:00,0,0,0,0,0,0,0
YON20150430,Yongala,-19.30847,147.61842,2015-04-30T12:10:00Z,2015,4,30,12:10:00,0,0,0,0,0,0,0
MAI20150421,Maria Island,-42.59667,148.23333,2015-04-21T10:50:00Z,2015,4,21,10:50:00,0,0,0,0,0,0,0
KAI20150408,Kangaroo Island,-35.83217,136.44733,2015-04-09T07:11:00Z,2015,4,9,07:11:00,0,0,0,0,0,0,0
PHB20150330,Port Hacking,-34.11923,151.22667,2015-03-31T09:32:00Z,2015,3,31,09:32:00,0,0,0,0,0,0,0
YON20150324,Yongala,-19.30847,147.61842,2015-03-24T15:15:00Z,2015,3,24,15:15:00,0,0,0,0,0,0,0
NSI20150323,North Stradbroke,-27.345,153.562,2015-03-23T11:40:00Z,2015,3,23,11:40:00,0,0,0,0,0,0,0
ROT20150319,Rottnest Island,-32,115.41667,2015-03-19T11:47:00Z,2015,3,19,11:47:00,0,0,0,0,0,0,0
DAR20150316,Darwin,-12.4,130.76805,2015-03-17T08:35:00Z,2015,3,17,08:35:00,0,0,0,0,0,0,0
MAI20150312,Maria Island,-42.59667,148.23333,2015-03-13T09:33:00Z,2015,3,13,09:33:00,0,0,0,0,0,0,0
NSI20150304,North Stradbroke,-27.345,153.562,2015-03-04T10:30:00Z,2015,3,4,10:30:00,0,0,0,0,0,0,0
PHB20150225,Port Hacking,-34.11923,151.22667,2015-02-26T09:37:00Z,2015,2,26,09:37:00,0,0,0,0,0,0,0
MAI20150224,Maria Island,-42.59667,148.23333,2015-02-25T10:20:00Z,2015,2,25,10:20:00,0,0,0,0,0,0,0
KAI20150224,Kangaroo Island,-35.83217,136.44733,2015-02-25T08:55:00Z,2015,2,25,08:55:00,0,0,0,0,0,0,0
YON20150224,Yongala,-19.30847,147.61842,2015-02-24T10:40:00Z,2015,2,24,10:40:00,0,0,0,0,0,0,0
ROT20150224,Rottnest Island,-32,115.41667,2015-02-24T10:17:00Z,2015,2,24,10:17:00,0,0,0,0,0,0,0
ROT20150128,Rottnest Island,-32,115.41667,2015-01-28T10:15:00Z,2015,1,28,10:15:00,0,0,0,0,0,0,0
PHB20150121,Port Hacking,-34.11923,151.22667,2015-01-22T09:48:00Z,2015,1,22,09:48:00,0,0,0,0,0,0,0
YON20150119,Yongala,-19.30847,147.61842,2015-01-19T11:25:00Z,2015,1,19,11:25:00,0,0,0,0,0,0,0
NSI20150119,North Stradbroke,-27.345,153.562,2015-01-19T10:35:00Z,2015,1,19,10:35:00,0,0,0,0,0,0,0
NSI20141223,North Stradbroke,-27.345,153.562,2014-12-23T10:35:00Z,2014,12,23,10:35:00,0,0,0,0,0,0,0
MAI20141208,Maria Island,-42.59667,148.23333,2014-12-09T10:05:00Z,2014,12,9,10:05:00,0,0,0,0,0,0,0
YON20141209,Yongala,-19.30847,147.61842,2014-12-09T10:04:00Z,2014,12,9,10:04:00,0,0,0,0,0,0,0
PHB20141208,Port Hacking,-34.11923,151.22667,2014-12-09T09:51:00Z,2014,12,9,09:51:00,0,0,0,0,0,0,0
KAI20141201,Kangaroo Island,-35.83217,136.44733,2014-12-02T06:05:00Z,2014,12,2,06:05:00,0,0,0,0,0,0,0
MAI20141127,Maria Island,-42.59667,148.23333,2014-11-28T09:30:00Z,2014,11,28,09:30:00,0,0,0,0,0,0,0
YON20141120,Yongala,-19.30847,147.61842,2014-11-21T08:48:00Z,2014,11,21,08:48:00,0,0,0,0,0,0,0
ROT20141119,Rottnest Island,-32,115.41667,2014-11-19T10:16:00Z,2014,11,19,10:16:00,0,0,0,0,0,0,0
PHB20141112,Port Hacking,-34.11923,151.22667,2014-11-13T09:36:00Z,2014,11,13,09:36:00,0,0,0,0,0,0,0
NSI20141107,North Stradbroke,-27.345,153.562,2014-11-07T10:35:00Z,2014,11,7,10:35:00,0,0,0,0,0,0,0
MAI20141029,Maria Island,-42.59667,148.23333,2014-10-30T09:27:00Z,2014,10,30,09:27:00,0,0,0,0,0,0,0
KAI20141029,Kangaroo Island,-35.83217,136.44733,2014-10-29T11:00:00Z,2014,10,29,11:00:00,0,0,0,0,0,0,0
PHB20141021,Port Hacking,-34.11923,151.22667,2014-10-22T09:30:00Z,2014,10,22,09:30:00,0,0,0,0,0,0,0
NSI20141020,North Stradbroke,-27.345,153.562,2014-10-20T10:45:00Z,2014,10,20,10:45:00,0,0,0,0,0,0,0
YON20141014,Yongala,-19.30847,147.61842,2014-10-14T12:02:00Z,2014,10,14,12:02:00,0,0,0,0,0,0,0
ROT20141014,Rottnest Island,-32,115.41667,2014-10-14T11:52:00Z,2014,10,14,11:52:00,0,0,0,0,0,0,0
ROT20140919,Rottnest Island,-32,115.41667,2014-09-19T12:57:00Z,2014,9,19,12:57:00,0,0,0,0,0,0,0
NSI20140917,North Stradbroke,-27.345,153.562,2014-09-17T10:30:00Z,2014,9,17,10:30:00,0,0,0,0,0,0,0
MAI20140915,Maria Island,-42.59667,148.23333,2014-09-16T09:20:00Z,2014,9,16,09:20:00,0,0,0,0,0,0,0
PHB20140911,Port Hacking,-34.11923,151.22667,2014-09-11T10:13:00Z,2014,9,11,10:13:00,0,0,0,0,0,0,0
YON20140910,Yongala,-19.30847,147.61842,2014-09-10T10:35:00Z,2014,9,10,10:35:00,0,0,0,0,0,0,0
ROT20140902,Rottnest Island,-32,115.41667,2014-09-02T11:55:00Z,2014,9,2,11:55:00,0,0,0,0,0,0,0
NSI20140901,North Stradbroke,-27.345,153.562,2014-09-01T10:10:00Z,2014,9,1,10:10:00,0,0,0,0,0,0,0
PHB20140824,Port Hacking,-34.11923,151.22667,2014-08-25T09:57:00Z,2014,8,25,09:57:00,0,0,0,0,0,0,0
MAI20140821,Maria Island,-42.59667,148.23333,2014-08-21T11:50:00Z,2014,8,21,11:50:00,0,0,0,0,0,0,0
YON20140820,Yongala,-19.30847,147.61842,2014-08-20T11:15:00Z,2014,8,20,11:15:00,0,0,0,0,0,0,0
MAI20140807,Maria Island,-42.59667,148.23333,2014-08-07T12:00:00Z,2014,8,7,12:00:00,0,0,0,0,0,0,0
ROT20140730,Rottnest Island,-32,115.41667,2014-07-30T10:03:00Z,2014,7,30,10:03:00,0,0,0,0,0,0,0
NSI20140725,North Stradbroke,-27.345,153.562,2014-07-25T10:35:00Z,2014,7,25,10:35:00,0,0,0,0,0,0,0
YON20140717,Yongala,-19.30847,147.61842,2014-07-17T10:28:00Z,2014,7,17,10:28:00,0,0,0,0,0,0,0
PHB20140716,Port Hacking,-34.11923,151.22667,2014-07-16T10:00:00Z,2014,7,16,10:00:00,0,0,0,0,0,0,0
KAI20140713,Kangaroo Island,-35.83217,136.44733,2014-07-13T16:13:00Z,2014,7,13,16:13:00,0,0,0,0,0,0,0
MAI20140703,Maria Island,-42.59667,148.23333,2014-07-03T11:30:00Z,2014,7,3,11:30:00,0,0,0,0,0,0,0
ROT20140624,Rottnest Island,-32,115.41667,2014-06-24T13:16:00Z,2014,6,24,13:16:00,0,0,0,0,0,0,0
YON20140624,Yongala,-19.30847,147.61842,2014-06-24T10:53:00Z,2014,6,24,10:53:00,0,0,0,0,0,0,0
NSI20140623,North Stradbroke,-27.345,153.562,2014-06-23T10:20:00Z,2014,6,23,10:20:00,0,0,0,0,0,0,0
MAI20140619,Maria Island,-42.59667,148.23333,2014-06-19T11:30:00Z,2014,6,19,11:30:00,0,0,0,0,0,0,0
PHB20140612,Port Hacking,-34.11923,151.22667,2014-06-13T09:20:00Z,2014,6,13,09:20:00,0,0,0,0,0,0,0
YON20140527,Yongala,-19.30847,147.61842,2014-05-27T12:12:00Z,2014,5,27,12:12:00,0,0,0,0,0,0,0
ROT20140519,Rottnest Island,-32,115.41667,2014-05-19T12:22:00Z,2014,5,19,12:22:00,0,0,0,0,0,0,0
MAI20140516,Maria Island,-42.59667,148.23333,2014-05-16T10:20:00Z,2014,5,16,10:20:00,0,0,0,0,0,0,0
KAI20140507,Kangaroo Island,-35.83217,136.44733,2014-05-07T13:45:00Z,2014,5,7,13:45:00,0,0,0,0,0,0,0
NSI20140507,North Stradbroke,-27.345,153.562,2014-05-07T10:25:00Z,2014,5,7,10:25:00,0,0,0,0,0,0,0
YON20140501,Yongala,-19.30847,147.61842,2014-05-01T11:25:00Z,2014,5,1,11:25:00,0,0,0,0,0,0,0
PHB20140427,Port Hacking,-34.11923,151.22667,2014-04-28T09:38:00Z,2014,4,28,09:38:00,0,0,0,0,0,0,0
MAI20140408,Maria Island,-42.59667,148.23333,2014-04-08T11:03:00Z,2014,4,8,11:03:00,0,0,0,0,0,0,0
NSI20140404,North Stradbroke,-27.345,153.562,2014-04-04T10:45:00Z,2014,4,4,10:45:00,0,0,0,0,0,0,0
ROT20140319,Rottnest Island,-32,115.41667,2014-03-19T12:30:00Z,2014,3,19,12:30:00,0,0,0,0,0,0,0
MAI20140318,Maria Island,-42.59667,148.23333,2014-03-19T10:55:00Z,2014,3,19,10:55:00,0,0,0,0,0,0,0
PHB20140317,Port Hacking,-34.11923,151.22667,2014-03-18T09:48:00Z,2014,3,18,09:48:00,0,0,0,0,0,0,0
YON20140317,Yongala,-19.30847,147.61842,2014-03-17T14:07:00Z,2014,3,17,14:07:00,0,0,0,0,0,0,0
KAI20140313,Kangaroo Island,-35.83217,136.44733,2014-03-13T14:00:00Z,2014,3,13,14:00:00,0,0,0,0,0,0,0
NSI20140306,North Stradbroke,-27.345,153.562,2014-03-06T10:15:00Z,2014,3,6,10:15:00,0,0,0,0,0,0,0
ROT20140227,Rottnest Island,-32,115.41667,2014-02-27T12:39:00Z,2014,2,27,12:39:00,0,0,0,0,0,0,0
YON20140220,Yongala,-19.30847,147.61842,2014-02-20T10:48:00Z,2014,2,20,10:48:00,0,0,0,0,0,0,0
NSI20140213,North Stradbroke,-27.345,153.562,2014-02-13T10:20:00Z,2014,2,13,10:20:00,0,0,0,0,0,0,0
PHB20140211,Port Hacking,-34.11923,151.22667,2014-02-12T09:57:00Z,2014,2,12,09:57:00,0,0,0,0,0,0,0
MAI20140205,Maria Island,-42.59667,148.23333,2014-02-05T11:05:00Z,2014,2,5,11:05:00,0,0,0,0,0,0,0
KAI20140122,Kangaroo Island,-35.83217,136.44733,2014-01-22T15:15:00Z,2014,1,22,15:15:00,0,0,0,0,0,0,0
ROT20140122,Rottnest Island,-32,115.41667,2014-01-22T10:10:00Z,2014,1,22,10:10:00,0,0,0,0,0,0,0
YON20140122,Yongala,-19.30847,147.61842,2014-01-22T10:00:00Z,2014,1,22,10:00:00,0,0,0,0,0,0,0
PHB20140120,Port Hacking,-34.11923,151.22667,2014-01-21T09:43:00Z,2014,1,21,09:43:00,0,0,0,0,0,0,0
ROT20131218,Rottnest Island,-32,115.41667,2013-12-18T10:43:00Z,2013,12,18,10:43:00,0,0,0,0,0,0,0
MAI20131217,Maria Island,-42.59667,148.23333,2013-12-17T11:05:00Z,2013,12,17,11:05:00,0,0,0,0,0,0,0
NSI20131212,North Stradbroke,-27.345,153.562,2013-12-12T10:20:00Z,2013,12,12,10:20:00,0,0,0,0,0,0,0
YON20131205,Yongala,-19.30847,147.61842,2013-12-05T11:26:00Z,2013,12,5,11:26:00,0,0,0,0,0,0,0
PHB20131202,Port Hacking,-34.11923,151.22667,2013-12-03T09:30:00Z,2013,12,3,09:30:00,0,0,0,0,0,0,0
ROT20131122,Rottnest Island,-32,115.41667,2013-11-22T10:26:00Z,2013,11,22,10:26:00,0,0,0,0,0,0,0
NSI20131121,North Stradbroke,-27.345,153.562,2013-11-22T09:55:00Z,2013,11,22,09:55:00,0,0,0,0,0,0,0
MAI20131117,Maria Island,-42.59667,148.23333,2013-11-18T10:50:00Z,2013,11,18,10:50:00,0,0,0,0,0,0,0
YON20131114,Yongala,-19.30847,147.61842,2013-11-14T10:32:00Z,2013,11,14,10:32:00,0,0,0,0,0,0,0
PHB20131027,Port Hacking,-34.11923,151.22667,2013-10-28T10:17:00Z,2013,10,28,10:17:00,0,0,0,0,0,0,0
PHB20131020,Port Hacking,-34.11923,151.22667,2013-10-21T09:36:00Z,2013,10,21,09:36:00,0,0,0,0,0,0,0
ROT20131017,Rottnest Island,-32,115.41667,2013-10-17T08:00:00Z,2013,10,17,08:00:00,0,0,0,0,0,0,0
NSI20131016,North Stradbroke,-27.345,153.562,2013-10-16T10:40:00Z,2013,10,16,10:40:00,0,0,0,0,0,0,0
YON20131015,Yongala,-19.30847,147.61842,2013-10-15T11:40:00Z,2013,10,15,11:40:00,0,0,0,0,0,0,0
ROT20131001,Rottnest Island,-32,115.41667,2013-10-01T11:55:00Z,2013,10,1,11:55:00,0,0,0,0,0,0,0
MAI20130924,Maria Island,-42.59667,148.23333,2013-09-24T11:40:00Z,2013,9,24,11:40:00,0,0,0,0,0,0,0
DAR20130916,Darwin,-12.4,130.76805,2013-09-16T11:26:00Z,2013,9,16,11:26:00,0,0,0,0,0,0,0
PHB20130915,Port Hacking,-34.11923,151.22667,2013-09-16T08:15:00Z,2013,9,16,08:15:00,0,0,0,0,0,0,0
NSI20130913,North Stradbroke,-27.345,153.562,2013-09-13T10:25:00Z,2013,9,13,10:25:00,0,0,0,0,0,0,0
YON20130912,Yongala,-19.30847,147.61842,2013-09-12T11:26:00Z,2013,9,12,11:26:00,0,0,0,0,0,0,0
KAI20130827,Kangaroo Island,-35.83217,136.44733,2013-08-28T08:55:00Z,2013,8,28,08:55:00,0,0,0,0,0,0,0
PHB20130826,Port Hacking,-34.11923,151.22667,2013-08-27T09:30:00Z,2013,8,27,09:30:00,0,0,0,0,0,0,0
MAI20130821,Maria Island,-42.59667,148.23333,2013-08-21T11:21:00Z,2013,8,21,11:21:00,0,0,0,0,0,0,0
NSI20130819,North Stradbroke,-27.345,153.562,2013-08-19T10:10:00Z,2013,8,19,10:10:00,0,0,0,0,0,0,0
YON20130808,Yongala,-19.30847,147.61842,2013-08-08T10:58:00Z,2013,8,8,10:58:00,0,0,0,0,0,0,0
MAI20130807,Maria Island,-42.59667,148.23333,2013-08-07T11:30:00Z,2013,8,7,11:30:00,0,0,0,0,0,0,0
NIN20130806,Ningaloo,-21.99,113.779,2013-08-06T14:03:00Z,2013,8,6,14:03:00,0,0,0,0,0,0,0
NSI20130806,North Stradbroke,-27.345,153.562,2013-08-06T10:15:00Z,2013,8,6,10:15:00,0,0,0,0,0,0,0
PHB20130725,Port Hacking,-34.11923,151.22667,2013-07-26T09:24:00Z,2013,7,26,09:24:00,0,0,0,0,0,0,0
ESP20130725,Esperance,-33.93333,121.85,2013-07-25T09:57:00Z,2013,7,25,09:57:00,0,0,0,0,0,0,0
YON20130719,Yongala,-19.30847,147.61842,2013-07-19T11:08:00Z,2013,7,19,11:08:00,0,0,0,0,0,0,0
ROT20130712,Rottnest Island,-32,115.41667,2013-07-12T12:35:00Z,2013,7,12,12:35:00,0,0,0,0,0,0,0
NSI20130706,North Stradbroke,-27.345,153.562,2013-07-07T09:40:00Z,2013,7,7,09:40:00,0,0,0,0,0,0,0
DAR20130617_15:00,Darwin,-12.4,130.76805,2013-06-18T00:30:00Z,2013,6,18,00:30:00,0,0,0,0,0,0,0
PHB20130611,Port Hacking,-34.11923,151.22667,2013-06-12T09:55:00Z,2013,6,12,09:55:00,0,0,0,0,0,0,0
YON20130611,Yongala,-19.30847,147.61842,2013-06-11T13:34:00Z,2013,6,11,13:34:00,0,0,0,0,0,0,0
MAI20130611,Maria Island,-42.59667,148.23333,2013-06-11T11:55:00Z,2013,6,11,11:55:00,0,0,0,0,0,0,0
MAI20130528,Maria Island,-42.59667,148.23333,2013-05-28T10:56:00Z,2013,5,28,10:56:00,0,0,0,0,0,0,0
NSI20130520,North Stradbroke,-27.345,153.562,2013-05-20T10:05:00Z,2013,5,20,10:05:00,0,0,0,0,0,0,0
ROT20130517,Rottnest Island,-32,115.41667,2013-05-17T10:00:00Z,2013,5,17,10:00:00,0,0,0,0,0,0,0
YON20130515,Yongala,-19.30847,147.61842,2013-05-15T10:30:00Z,2013,5,15,10:30:00,0,0,0,0,0,0,0
PHB20130514,Port Hacking,-34.11923,151.22667,2013-05-15T09:40:00Z,2013,5,15,09:40:00,0,0,0,0,0,0,0
NIN20130509,Ningaloo,-21.99,113.779,2013-05-09T10:20:00Z,2013,5,9,10:20:00,0,0,0,0,0,0,0
KAI20130506,Kangaroo Island,-35.83217,136.44733,2013-05-07T07:55:00Z,2013,5,7,07:55:00,0,0,0,0,0,0,0
MAI20130424,Maria Island,-42.59667,148.23333,2013-04-24T10:50:00Z,2013,4,24,10:50:00,0,0,0,0,0,0,0
ROT20130423,Rottnest Island,-32,115.41667,2013-04-23T10:38:00Z,2013,4,23,10:38:00,0,0,0,0,0,0,0
PHB20130422,Port Hacking,-34.11923,151.22667,2013-04-23T09:32:00Z,2013,4,23,09:32:00,0,0,0,0,0,0,0
NSI20130418,North Stradbroke,-27.345,153.562,2013-04-18T10:05:00Z,2013,4,18,10:05:00,0,0,0,0,0,0,0
YON20130416,Yongala,-19.30847,147.61842,2013-04-16T11:35:00Z,2013,4,16,11:35:00,0,0,0,0,0,0,0
DAR20130405,Darwin,-12.4,130.76805,2013-04-05T09:40:00Z,2013,4,5,09:40:00,0,0,0,0,0,0,0
NSI20130326,North Stradbroke,-27.345,153.562,2013-03-26T11:10:00Z,2013,3,26,11:10:00,0,0,0,0,0,0,0
PHB20130319,Port Hacking,-34.11923,151.22667,2013-03-20T09:27:00Z,2013,3,20,09:27:00,0,0,0,0,0,0,0
MAI20130313,Maria Island,-42.59667,148.23333,2013-03-14T10:00:00Z,2013,3,14,10:00:00,0,0,0,0,0,0,0
ESP20130314,Esperance,-33.93333,121.85,2013-03-14T09:24:00Z,2013,3,14,09:24:00,0,0,0,0,0,0,0
PHB20130227,Port Hacking,-34.11923,151.22667,2013-02-28T08:03:00Z,2013,2,28,08:03:00,0,0,0,0,0,0,0
ROT20130221,Rottnest Island,-32,115.41667,2013-02-21T12:55:00Z,2013,2,21,12:55:00,0,0,0,0,0,0,0
YON20130220,Yongala,-19.30847,147.61842,2013-02-20T10:42:00Z,2013,2,20,10:42:00,0,0,0,0,0,0,0
MAI20130214,Maria Island,-42.59667,148.23333,2013-02-14T11:00:00Z,2013,2,14,11:00:00,0,0,0,0,0,0,0
NIN20130209,Ningaloo,-21.99,113.779,2013-02-09T09:22:00Z,2013,2,9,09:22:00,0,0,0,0,0,0,0
YON20130131,Yongala,-19.30847,147.61842,2013-01-31T10:15:00Z,2013,1,31,10:15:00,0,0,0,0,0,0,0
MAI20130129,Maria Island,-42.59667,148.23333,2013-01-30T10:33:00Z,2013,1,30,10:33:00,0,0,0,0,0,0,0
ROT20130125,Rottnest Island,-32,115.41667,2013-01-25T10:10:00Z,2013,1,25,10:10:00,0,0,0,0,0,0,0
NSI20130123,North Stradbroke,-27.345,153.562,2013-01-23T10:15:00Z,2013,1,23,10:15:00,0,0,0,0,0,0,0
NSI20130111,North Stradbroke,-27.345,153.562,2013-01-11T10:40:00Z,2013,1,11,10:40:00,0,0,0,0,0,0,0
ROT20121219,Rottnest Island,-32,115.41667,2012-12-19T11:48:00Z,2012,12,19,11:48:00,0,0,0,0,0,0,0
YON20121219,Yongala,-19.30847,147.61842,2012-12-19T10:20:00Z,2012,12,19,10:20:00,0,0,0,0,0,0,0
PHB20121218,Port Hacking,-34.11923,151.22667,2012-12-19T09:31:00Z,2012,12,19,09:31:00,0,0,0,0,0,0,0
ESP20121212,Esperance,-33.93333,121.85,2012-12-12T09:10:00Z,2012,12,12,09:10:00,0,0,0,0,0,0,0
DAR20121209_03:00,Darwin,-12.4,130.76805,2012-12-09T12:30:00Z,2012,12,9,12:30:00,0,0,0,0,0,0,0
YON20121129,Yongala,-19.30847,147.61842,2012-11-29T10:40:00Z,2012,11,29,10:40:00,0,0,0,0,0,0,0
ROT20121126,Rottnest Island,-32,115.41667,2012-11-26T11:02:00Z,2012,11,26,11:02:00,0,0,0,0,0,0,0
PHB20121120,Port Hacking,-34.11923,151.22667,2012-11-21T09:30:00Z,2012,11,21,09:30:00,0,0,0,0,0,0,0
NSI20121114,North Stradbroke,-27.345,153.562,2012-11-14T10:45:00Z,2012,11,14,10:45:00,0,0,0,0,0,0,0
MAI20121112,Maria Island,-42.59667,148.23333,2012-11-13T10:45:00Z,2012,11,13,10:45:00,0,0,0,0,0,0,0
NIN20121107,Ningaloo,-21.99,113.779,2012-11-07T12:00:00Z,2012,11,7,12:00:00,0,0,0,0,0,0,0
DAR20121029,Darwin,-12.4,130.76805,2012-10-30T07:51:00Z,2012,10,30,07:51:00,0,0,0,0,0,0,0
YON20121026,Yongala,-19.30847,147.61842,2012-10-26T11:20:00Z,2012,10,26,11:20:00,0,0,0,0,0,0,0
ROT20121019,Rottnest Island,-32,115.41667,2012-10-19T09:54:00Z,2012,10,19,09:54:00,0,0,0,0,0,0,0
MAI20121017,Maria Island,-42.59667,148.23333,2012-10-18T10:52:00Z,2012,10,18,10:52:00,0,0,0,0,0,0,0
NSI20121017,North Stradbroke,-27.345,153.562,2012-10-17T10:20:00Z,2012,10,17,10:20:00,0,0,0,0,0,0,0
PHB20121009,Port Hacking,-34.11923,151.22667,2012-10-10T09:44:00Z,2012,10,10,09:44:00,0,0,0,0,0,0,0
MAI20121002,Maria Island,-42.59667,148.23333,2012-10-02T10:15:00Z,2012,10,2,10:15:00,0,0,0,0,0,0,0
ROT20120928,Rottnest Island,-32,115.41667,2012-09-28T11:41:00Z,2012,9,28,11:41:00,0,0,0,0,0,0,0
YON20120918,Yongala,-19.30847,147.61842,2012-09-18T11:00:00Z,2012,9,18,11:00:00,0,0,0,0,0,0,0
PHB20120917,Port Hacking,-34.11923,151.22667,2012-09-18T09:38:00Z,2012,9,18,09:38:00,0,0,0,0,0,0,0
NSI20120912,North Stradbroke,-27.345,153.562,2012-09-12T10:20:00Z,2012,9,12,10:20:00,0,0,0,0,0,0,0
ESP20120910,Esperance,-33.93333,121.85,2012-09-10T12:51:00Z,2012,9,10,12:51:00,0,0,0,0,0,0,0
NIN20120827,Ningaloo,-21.99,113.779,2012-08-27T08:05:00Z,2012,8,27,08:05:00,0,0,0,0,0,0,0
ROT20120824,Rottnest Island,-32,115.41667,2012-08-24T11:06:00Z,2012,8,24,11:06:00,0,0,0,0,0,0,0
PHB20120821,Port Hacking,-34.11923,151.22667,2012-08-22T09:19:00Z,2012,8,22,09:19:00,0,0,0,0,0,0,0
NSI20120821,North Stradbroke,-27.345,153.562,2012-08-21T10:15:00Z,2012,8,21,10:15:00,0,0,0,0,0,0,0
MAI20120820,Maria Island,-42.59667,148.23333,2012-08-20T11:15:00Z,2012,8,20,11:15:00,0,0,0,0,0,0,0
YON20120816,Yongala,-19.30847,147.61842,2012-08-16T00:00:00Z,2012,8,16,00:00:00,0,0,0,0,0,0,0
NSI20120806,North Stradbroke,-27.345,153.562,2012-08-06T10:15:00Z,2012,8,6,10:15:00,0,0,0,0,0,0,0
DAR20120729_16:30,Darwin,-12.4,130.76805,2012-07-30T02:00:00Z,2012,7,30,02:00:00,0,0,0,0,0,0,0
ROT20120727,Rottnest Island,-32,115.41667,2012-07-27T09:55:00Z,2012,7,27,09:55:00,0,0,0,0,0,0,0
YON20120726,Yongala,-19.30847,147.61842,2012-07-26T11:00:00Z,2012,7,26,11:00:00,0,0,0,0,0,0,0
MAI20120724,Maria Island,-42.59667,148.23333,2012-07-24T10:50:00Z,2012,7,24,10:50:00,0,0,0,0,0,0,0
PHB20120717,Port Hacking,-34.11923,151.22667,2012-07-17T10:00:00Z,2012,7,17,10:00:00,0,0,0,0,0,0,0
NSI20120620,North Stradbroke,-27.345,153.562,2012-06-20T10:20:00Z,2012,6,20,10:20:00,0,0,0,0,0,0,0
YON20120615,Yongala,-19.30847,147.61842,2012-06-15T10:41:00Z,2012,6,15,10:41:00,0,0,0,0,0,0,0
ESP20120612,Esperance,-33.93333,121.85,2012-06-12T09:24:00Z,2012,6,12,09:24:00,0,0,0,0,0,0,0
YON20120604,Yongala,-19.30847,147.61842,2012-06-04T10:30:00Z,2012,6,4,10:30:00,0,0,0,0,0,0,0
ROT20120523,Rottnest Island,-32,115.41667,2012-05-23T12:22:00Z,2012,5,23,12:22:00,0,0,0,0,0,0,0
PHB20120517,Port Hacking,-34.11923,151.22667,2012-05-18T09:33:00Z,2012,5,18,09:33:00,606,0,132,3788,242355,370,0
NSI20120511,North Stradbroke,-27.345,153.562,2012-05-11T10:05:00Z,2012,5,11,10:05:00,0,0,0,0,0,0,0
NIN20120509,Ningaloo,-21.99,113.779,2012-05-09T10:50:00Z,2012,5,9,10:50:00,0,0,0,0,0,0,0
ROT20120504,Rottnest Island,-32,115.41667,2012-05-04T13:00:00Z,2012,5,4,13:00:00,133777,0,58,3013,387924,6204,0
YON20120424,Yongala,-19.30847,147.61842,2012-04-24T10:50:00Z,2012,4,24,10:50:00,0,0,0,0,0,0,0
DAR20120417,Darwin,-12.4,130.76805,2012-04-17T09:42:00Z,2012,4,17,09:42:00,0,0,0,0,0,0,0
KAI20120415,Kangaroo Island,-35.83217,136.44733,2012-04-15T10:42:00Z,2012,4,15,10:42:00,2538,0,0,4501,417445,13467,0
MAI20120412,Maria Island,-42.59667,148.23333,2012-04-12T10:45:00Z,2012,4,12,10:45:00,12776,0,400,1760,148040,2120,0
YON20120402,Yongala,-19.30847,147.61842,2012-04-02T10:44:00Z,2012,4,2,10:44:00,0,0,0,0,0,0,0
ROT20120329,Rottnest Island,-32,115.41667,2012-03-29T10:03:00Z,2012,3,29,10:03:00,2810,0,0,3754,456330,4768,0
MAI20120326,Maria Island,-42.59667,148.23333,2012-03-27T10:40:00Z,2012,3,27,10:40:00,49380,0,83,6570,667438,46778,0
PHB20120311,Port Hacking,-34.11923,151.22667,2012-03-12T09:00:00Z,2012,3,12,09:00:00,189,0,0,3567,547321,1631,0
NSI20120229,North Stradbroke,-27.345,153.562,2012-03-01T09:45:00Z,2012,3,1,09:45:00,0,0,0,0,0,0,0
ESP20120229,Esperance,-33.93333,121.85,2012-02-29T10:00:00Z,2012,2,29,10:00:00,5121,0,0,3032,56326,526,0
NIN20120226,Ningaloo,-21.99,113.779,2012-02-26T09:54:00Z,2012,2,26,09:54:00,141354,0,0,19239,416748,212487,0
MAI20120222,Maria Island,-42.59667,148.23333,2012-02-22T11:00:00Z,2012,2,22,11:00:00,89574,0,505,3620,298106,75000,0
ROT20120221,Rottnest Island,-32,115.41667,2012-02-21T09:40:00Z,2012,2,21,09:40:00,91914,0,0,11595,428230,15486,0
KAI20120215,Kangaroo Island,-35.83217,136.44733,2012-02-15T11:50:00Z,2012,2,15,11:50:00,120601,0,0,7090,426639,46034,0
NSI20120213,North Stradbroke,-27.345,153.562,2012-02-14T08:00:00Z,2012,2,14,08:00:00,29508,0,0,6526,480013,23878,0
PHB20120212,Port Hacking,-34.11923,151.22667,2012-02-13T10:00:00Z,2012,2,13,10:00:00,10718,0,5670,2470,451973,1734,0
YON20120208,Yongala,-19.30847,147.61842,2012-02-08T10:49:00Z,2012,2,8,10:49:00,33332,0,0,9563,232445,8308,0
ROT20120130,Rottnest Island,-32,115.41667,2012-01-30T11:09:00Z,2012,1,30,11:09:00,3243,34,0,3653,256278,1199,0
MAI20120119,Maria Island,-42.59667,148.23333,2012-01-19T12:00:00Z,2012,1,19,12:00:00,29000,0,111,4611,198667,2222,0
KAI20120116,Kangaroo Island,-35.83217,136.44733,2012-01-17T07:00:00Z,2012,1,17,07:00:00,3543,0,130,6587,195717,1306,0
DAR20120115_05:40,Darwin,-12.4,130.76805,2012-01-15T15:10:00Z,2012,1,15,15:10:00,922,0,0,14292,371079,258,0
DAR20120115_03:35,Darwin,-12.4,130.76805,2012-01-15T13:05:00Z,2012,1,15,13:05:00,18079,0,0,2059,284372,7274,0
DAR20120114_23:35,Darwin,-12.4,130.76805,2012-01-15T09:05:00Z,2012,1,15,09:05:00,5034,0,4372,8744,213230,1938,0
DAR20120114_21:30,Darwin,-12.4,130.76805,2012-01-15T07:00:00Z,2012,1,15,07:00:00,87273,0,3277,1109,419853,8520,0
YON20120112,Yongala,-19.30847,147.61842,2012-01-12T11:30:00Z,2012,1,12,11:30:00,1728,2402,48,3746,403482,3895,0
ROT20111221,Rottnest Island,-32,115.41667,2011-12-21T15:45:00Z,2011,12,21,15:45:00,12957,204,0,2245,198061,134694,0
NSI20111220,North Stradbroke,-27.345,153.562,2011-12-21T09:15:00Z,2011,12,21,09:15:00,30998,0,0,3660,265000,12941,0
KAI20111219,Kangaroo Island,-35.83217,136.44733,2011-12-20T09:30:00Z,2011,12,20,09:30:00,80000,0,0,2400,296080,8800,0
MAI20111214,Maria Island,-42.59667,148.23333,2011-12-15T10:35:00Z,2011,12,15,10:35:00,674,99,0,6011,259926,1312,0
YON20111213,Yongala,-19.30847,147.61842,2011-12-13T12:55:00Z,2011,12,13,12:55:00,370,25,0,1480,316527,764,0
PHB20111206,Port Hacking,-34.11923,151.22667,2011-12-07T09:30:00Z,2011,12,7,09:30:00,2648,139,0,30404,612344,2613,0
ESP20111130,Esperance,-33.93333,121.85,2011-11-30T14:38:00Z,2011,11,30,14:38:00,4103,0,438,7114,328384,5308,0
ROT20111122,Rottnest Island,-32,115.41667,2011-11-22T15:08:00Z,2011,11,22,15:08:00,1647,0,0,5603,218361,1458,0
PHB20111117,Port Hacking,-34.11923,151.22667,2011-11-18T09:36:00Z,2011,11,18,09:36:00,736,22,43,2014,251243,1104,0
NSI20111116,North Stradbroke,-27.345,153.562,2011-11-16T10:00:00Z,2011,11,16,10:00:00,587,0,0,3113,929248,934,0
KAI20111115,Kangaroo Island,-35.83217,136.44733,2011-11-15T11:30:00Z,2011,11,15,11:30:00,3216.85,940.59,1128.71,103.47,0,5220.31,376.24
NIN20111107,Ningaloo,-21.99,113.779,2011-11-07T10:00:00Z,2011,11,7,10:00:00,6999,52,0,4148,569439,1374,0
YON20111027,Yongala,-19.30847,147.61842,2011-10-27T13:44:00Z,2011,10,27,13:44:00,1320,0,0,5357,379679,2314,0
KAI20111026,Kangaroo Island,-35.83217,136.44733,2011-10-26T14:40:00Z,2011,10,26,14:40:00,2833.32,0,1901.04,208.33,0,7083.34,26.04
MAI20111026,Maria Island,-42.59667,148.23333,2011-10-26T11:00:00Z,2011,10,26,11:00:00,3824,0,10614,85,0,18594,0
ROT20111020,Rottnest Island,-32,115.41667,2011-10-20T12:00:00Z,2011,10,20,12:00:00,38180,103,0,2900,457337,223508,0
PHB20111018,Port Hacking,-34.11923,151.22667,2011-10-19T09:31:00Z,2011,10,19,09:31:00,10338,0,0,7560,317280,5314,0
NSI20111013,North Stradbroke,-27.345,153.562,2011-10-13T10:30:00Z,2011,10,13,10:30:00,0,0,0,0,0,0,0
MAI20111005,Maria Island,-42.59667,148.23333,2011-10-05T12:24:00Z,2011,10,5,12:24:00,175,0,0,1528,178302,100,0
DAR20111005,Darwin,-12.4,130.76805,2011-10-05T09:31:00Z,2011,10,5,09:31:00,8685,0,199,5210,256369,2887,0
ROT20110923,Rottnest Island,-32,115.41667,2011-09-23T09:40:00Z,2011,9,23,09:40:00,28502,0,0,21002,343049,8844,0
NSI20110915,North Stradbroke,-27.345,153.562,2011-09-15T11:10:00Z,2011,9,15,11:10:00,10339,0,0,1612,347468,1211,0
PHB20110914,Port Hacking,-34.11923,151.22667,2011-09-15T09:43:00Z,2011,9,15,09:43:00,577,0,231,6412,319605,115,0
YON20110908,Yongala,-19.30847,147.61842,2011-09-08T11:00:00Z,2011,9,8,11:00:00,2386,0,24752,5970,318267,10505,0
PHB20110829,Port Hacking,-34.11923,151.22667,2011-08-29T10:03:00Z,2011,8,29,10:03:00,52886,0,0,6018,317003,8516,0
ROT20110826,Rottnest Island,-32,115.41667,2011-08-26T09:43:00Z,2011,8,26,09:43:00,3116,0,754,12012,460106,42108,0
ESP20110818,Esperance,-33.93333,121.85,2011-08-18T10:20:00Z,2011,8,18,10:20:00,2372,0,42,3355,429781,3140,0
NSI20110816,North Stradbroke,-27.345,153.562,2011-08-16T10:00:00Z,2011,8,16,10:00:00,5230,0,0,6957,434985,4941,0
MAI20110812,Maria Island,-42.59667,148.23333,2011-08-12T10:55:00Z,2011,8,12,10:55:00,20635,0,350,2143,80459,5771,0
YON20110811,Yongala,-19.30847,147.61842,2011-08-11T11:00:00Z,2011,8,11,11:00:00,5811,0,152,3093,253690,1264,0
NSI20110727,North Stradbroke,-27.345,153.562,2011-07-28T09:30:00Z,2011,7,28,09:30:00,5154,0,26,2822,606797,2213,0
MAI20110725,Maria Island,-42.59667,148.23333,2011-07-25T12:15:00Z,2011,7,25,12:15:00,156351,0,0,9266,353391,3744,0
ROT20110725,Rottnest Island,-32,115.41667,2011-07-25T10:20:00Z,2011,7,25,10:20:00,6944,0,2934,308,0,13792,0
YON20110720,Yongala,-19.30847,147.61842,2011-07-20T11:37:00Z,2011,7,20,11:37:00,76648,0,200,2008,484600,35000,0
PHB20110717,Port Hacking,-34.11923,151.22667,2011-07-18T09:38:00Z,2011,7,18,09:38:00,17441,0,0,6883,412588,6265,0
NIN20110706,Ningaloo,-21.99,113.779,2011-07-06T11:04:00Z,2011,7,6,11:04:00,5074,0,55,4034,189008,2626,0
DAR20110627,Darwin,-12.4,130.76805,2011-06-27T13:48:00Z,2011,6,27,13:48:00,576,0,0,7746,238358,3735,0
NSI20110623,North Stradbroke,-27.345,153.562,2011-06-23T10:25:00Z,2011,6,23,10:25:00,92359,0,0,6355,419513,90019,0
ROT20110622,Rottnest Island,-32,115.41667,2011-06-22T10:00:00Z,2011,6,22,10:00:00,101671,0,0,1579,267016,10782,0
PHB20110619,Port Hacking,-34.11923,151.22667,2011-06-20T09:34:00Z,2011,6,20,09:34:00,530,25,0,7258,293505,480,0
YON20110616,Yongala,-19.30847,147.61842,2011-06-16T11:25:00Z,2011,6,16,11:25:00,1360,46,0,4842,231712,1245,0
NSI20110606,North Stradbroke,-27.345,153.562,2011-06-06T10:00:00Z,2011,6,6,10:00:00,209,167,0,14699,398647,688,0
MAI20110531,Maria Island,-42.59667,148.23333,2011-05-31T11:38:00Z,2011,5,31,11:38:00,8875,0,887,2670,336356,5025,0
YON20110527,Yongala,-19.30847,147.61842,2011-05-27T10:50:00Z,2011,5,27,10:50:00,24628,0,37,1717,220187,12015,0
ROT20110527,Rottnest Island,-32,115.41667,2011-05-27T09:35:00Z,2011,5,27,09:35:00,610,0,2486,17529,425068,2656,0
PHB20110517,Port Hacking,-34.11923,151.22667,2011-05-18T09:25:00Z,2011,5,18,09:25:00,2775,0,61,1027,129499,2223,0
ESP20110512,Esperance,-33.93333,121.85,2011-05-12T10:10:00Z,2011,5,12,10:10:00,4035,0,0,8178,441916,5298,0
NIN20110501,Ningaloo,-21.99,113.779,2011-05-01T08:24:00Z,2011,5,1,08:24:00,3946,0,0,1927,579955,780,0
KAI20110427,Kangaroo Island,-35.83217,136.44733,2011-04-28T07:35:00Z,2011,4,28,07:35:00,2074,0,0,13442,388593,6435,0
PHB20110420,Port Hacking,-34.11923,151.22667,2011-04-21T09:36:00Z,2011,4,21,09:36:00,1657,0,49,1461,84841,2704,0
YON20110414,Yongala,-19.30847,147.61842,2011-04-14T11:27:00Z,2011,4,14,11:27:00,207,0,460,5144,499454,2640,0
NSI20110412,North Stradbroke,-27.345,153.562,2011-04-13T09:25:00Z,2011,4,13,09:25:00,26423,0,0,2718,352581,8736,0
MAI20110407,Maria Island,-42.59667,148.23333,2011-04-07T10:30:00Z,2011,4,7,10:30:00,22316,0,8,3020,393656,13487,0
PHB20110329,Port Hacking,-34.11923,151.22667,2011-03-30T09:33:00Z,2011,3,30,09:33:00,7351,0,101,2755,329014,2450,0
MAI20110328,Maria Island,-42.59667,148.23333,2011-03-29T10:30:00Z,2011,3,29,10:30:00,80964,0,50,19940,489369,11134,0
ROT20110324,Rottnest Island,-32,115.41667,2011-03-24T09:35:00Z,2011,3,24,09:35:00,10258,40,48,3401,396079,4238,0
YON20110323,Yongala,-19.30847,147.61842,2011-03-23T10:49:00Z,2011,3,23,10:49:00,2800,2456,25,11224,343884,2356,0
NSI20110323,North Stradbroke,-27.345,153.562,2011-03-23T10:20:00Z,2011,3,23,10:20:00,13111,27,650,13572,401905,3386,0
KAI20110319,Kangaroo Island,-35.83217,136.44733,2011-03-20T09:40:00Z,2011,3,20,09:40:00,11869,0,0,2794,182053,1143,0
PHB20110228,Port Hacking,-34.11923,151.22667,2011-03-01T09:30:00Z,2011,3,1,09:30:00,4895,0,199,4128,178113,23826,0
ROT20110224,Rottnest Island,-32,115.41667,2011-02-24T09:35:00Z,2011,2,24,09:35:00,4175,0,0,6723,398180,2622,0
MAI20110223,Maria Island,-42.59667,148.23333,2011-02-23T11:15:00Z,2011,2,23,11:15:00,3812,0,94,3259,181376,1647,0
KAI20110223,Kangaroo Island,-35.83217,136.44733,2011-02-23T10:30:00Z,2011,2,23,10:30:00,10958,0,1880,2745,316716,5715,0
NSI20110220,North Stradbroke,-27.345,153.562,2011-02-21T09:40:00Z,2011,2,21,09:40:00,876,0,375,14533,317376,2063,0
YON20110217,Yongala,-19.30847,147.61842,2011-02-17T11:30:00Z,2011,2,17,11:30:00,5146,0,990,4797,135128,3216,0
NIN20110209,Ningaloo,-21.99,113.779,2011-02-09T10:15:00Z,2011,2,9,10:15:00,40981,0,0,16144,643893,21281,0
PHB20110203,Port Hacking,-34.11923,151.22667,2011-02-04T09:58:00Z,2011,2,4,09:58:00,101499,0,47,3652,288685,48507,0
ROT20110125,Rottnest Island,-32,115.41667,2011-01-25T09:10:00Z,2011,1,25,09:10:00,7673,0,80,1759,363789,3092,0
KAI20110123,Kangaroo Island,-35.83217,136.44733,2011-01-24T07:40:00Z,2011,1,24,07:40:00,67201,0,0,4364,302624,22834,0
ESP20110120,Esperance,-33.93333,121.85,2011-01-20T08:50:00Z,2011,1,20,08:50:00,0,0,0,0,0,0,0
MAI20110118,Maria Island,-42.59667,148.23333,2011-01-19T10:30:00Z,2011,1,19,10:30:00,1718,0,0,6902,416010,4430,0
NSI20110119,North Stradbroke,-27.345,153.562,2011-01-19T10:00:00Z,2011,1,19,10:00:00,67209,0,0,3138,1245682,8224,0
YON20110118,Yongala,-19.30847,147.61842,2011-01-18T11:30:00Z,2011,1,18,11:30:00,485,0,338,5454,212943,1395,0
NSI20101215,North Stradbroke,-27.345,153.562,2010-12-16T08:30:00Z,2010,12,16,08:30:00,10786,0,279,4956,205135,8298,0
ROT20101215,Rottnest Island,-32,115.41667,2010-12-15T10:20:00Z,2010,12,15,10:20:00,1998,0,71,1716,368714,51000,0
MAI20101214,Maria Island,-42.59667,148.23333,2010-12-14T11:05:00Z,2010,12,14,11:05:00,5802,0,48,1295,189568,3671,0
PHB20101213,Port Hacking,-34.11923,151.22667,2010-12-14T09:30:00Z,2010,12,14,09:30:00,28463,0,0,11038,316608,510,0
KAI20101213,Kangaroo Island,-35.83217,136.44733,2010-12-14T08:30:00Z,2010,12,14,08:30:00,22746,0,909,1111,245555,2828,0
YON20101208,Yongala,-19.30847,147.61842,2010-12-08T10:45:00Z,2010,12,8,10:45:00,4912,0,0,3504,339308,692,0
ROT20101124,Rottnest Island,-32,115.41667,2010-11-24T11:07:00Z,2010,11,24,11:07:00,63229,0,187,2733,292582,6647,0
KAI20101120,Kangaroo Island,-35.83217,136.44733,2010-11-21T05:00:00Z,2010,11,21,05:00:00,1460,0,0,5110,471516,1695,0
NSI20101115,North Stradbroke,-27.345,153.562,2010-11-16T09:30:00Z,2010,11,16,09:30:00,3690,0,2786,15344,344015,5430,0
PHB20101110,Port Hacking,-34.11923,151.22667,2010-11-11T09:10:00Z,2010,11,11,09:10:00,2650,0,1175,2350,258600,2150,0
NIN20101108,Ningaloo,-21.99,113.779,2010-11-08T15:00:00Z,2010,11,8,15:00:00,541,1207,193,6304,173920,908,0
YON20101101,Yongala,-19.30847,147.61842,2010-11-01T11:45:00Z,2010,11,1,11:45:00,992,0,0,2543,459634,13256,0
MAI20101027,Maria Island,-42.59667,148.23333,2010-10-27T12:50:00Z,2010,10,27,12:50:00,40237,0,554,3445,282324,68277,0
PHB20101019,Port Hacking,-34.11923,151.22667,2010-10-20T10:40:00Z,2010,10,20,10:40:00,9048,24,0,3810,524238,9429,0
NSI20101018,North Stradbroke,-27.345,153.562,2010-10-18T10:00:00Z,2010,10,18,10:00:00,3216,0,0,16583,201056,1609,0
PHB20101013,Port Hacking,-34.11923,151.22667,2010-10-14T10:18:00Z,2010,10,14,10:18:00,129652,0,0,13701,210765,16240,0
ESP20101013,Esperance,-33.93333,121.85,2010-10-13T08:15:00Z,2010,10,13,08:15:00,6061,0,788,13819,515689,3497,0
MAI20101001,Maria Island,-42.59667,148.23333,2010-10-01T12:40:00Z,2010,10,1,12:40:00,19141,0,0,2963,329255,6679,0
ROT20100924,Rottnest Island,-32,115.41667,2010-09-24T12:22:00Z,2010,9,24,12:22:00,3692,0,50,5000,450618,3811,0
NSI20100916,North Stradbroke,-27.345,153.562,2010-09-16T12:45:00Z,2010,9,16,12:45:00,2024,0,2597,5122,274663,2383,0
YON20100909,Yongala,-19.30847,147.61842,2010-09-09T11:00:00Z,2010,9,9,11:00:00,20531,0,0,2284,115364,531,0
PHB20100908,Port Hacking,-34.11923,151.22667,2010-09-09T09:30:00Z,2010,9,9,09:30:00,3000,0,857,9381,186714,5429,0
ROT20100820,Rottnest Island,-32,115.41667,2010-08-20T14:30:00Z,2010,8,20,14:30:00,0,0,0,0,0,0,0
PHB20100817,Port Hacking,-34.11923,151.22667,2010-08-18T09:30:00Z,2010,8,18,09:30:00,1329,39,0,3534,162749,1836,0
NSI20100817,North Stradbroke,-27.345,153.562,2010-08-18T08:25:00Z,2010,8,18,08:25:00,76913,0,0,4086,296348,24606,0
YON20100817,Yongala,-19.30847,147.61842,2010-08-17T10:15:00Z,2010,8,17,10:15:00,9442,0,425,3786,416373,1446,0
YON20100729,Yongala,-19.30847,147.61842,2010-07-29T11:22:00Z,2010,7,29,11:22:00,487,0,0,934,345587,1187,0
ROT20100723,Rottnest Island,-32,115.41667,2010-07-23T12:02:00Z,2010,7,23,12:02:00,57,0,0,31002,348115,959,0
MAI20100722,Maria Island,-42.59667,148.23333,2010-07-22T11:10:00Z,2010,7,22,11:10:00,1270,0,370,3069,66297,1057,0
NSI20100711,North Stradbroke,-27.345,153.562,2010-07-12T08:45:00Z,2010,7,12,08:45:00,3039,0,179,1839,274122,2758,0
PHB20100702,Port Hacking,-34.11923,151.22667,2010-07-02T11:35:00Z,2010,7,2,11:35:00,3425,0,0,6559,211432,963,0
ESP20100629,Esperance,-33.93333,121.85,2010-06-29T10:05:00Z,2010,6,29,10:05:00,5421,0,1863,372,0,14902,0
NSI20100618,North Stradbroke,-27.345,153.562,2010-06-18T12:30:00Z,2010,6,18,12:30:00,1176,0,77,5522,454898,3139,0
ROT20100617,Rottnest Island,-32,115.41667,2010-06-17T10:05:00Z,2010,6,17,10:05:00,14193,0,364,2812,247162,4384,0
MAI20100615,Maria Island,-42.59667,148.23333,2010-06-15T11:10:00Z,2010,6,15,11:10:00,498,0,0,4229,424320,49937,0
MAI20100527,Maria Island,-42.59667,148.23333,2010-05-27T11:30:00Z,2010,5,27,11:30:00,3909,0,24,5310,413017,2239,0
YON20100521,Yongala,-19.30847,147.61842,2010-05-21T12:56:00Z,2010,5,21,12:56:00,220,40,0,9144,297363,736,0
NSI20100520,North Stradbroke,-27.345,153.562,2010-05-21T08:21:00Z,2010,5,21,08:21:00,35704,0,0,5967,270333,13187,0
ROT20100520,Rottnest Island,-32,115.41667,2010-05-20T10:05:00Z,2010,5,20,10:05:00,67540,0,133,1551,378043,25714,0
PHB20100510,Port Hacking,-34.11923,151.22667,2010-05-11T09:13:00Z,2010,5,11,09:13:00,1159,0,22,5636,222817,1002,0
MAI20100505,Maria Island,-42.59667,148.23333,2010-05-05T11:30:00Z,2010,5,5,11:30:00,1454,0,467,6672,297739,2636,0
KAI20100419,Kangaroo Island,-35.83217,136.44733,2010-04-20T07:00:00Z,2010,4,20,07:00:00,7914,19,0,1147,262350,6390,0
ROT20100416,Rottnest Island,-32,115.41667,2010-04-16T08:30:00Z,2010,4,16,08:30:00,10294,0,384,10136,207915,9653,0
YON20100413,Yongala,-19.30847,147.61842,2010-04-13T14:14:00Z,2010,4,13,14:14:00,49322,0,0,8086,611100,28525,0
NSI20100411,North Stradbroke,-27.345,153.562,2010-04-12T08:35:00Z,2010,4,12,08:35:00,2336,0,51,2716,345202,836,0
MAI20100330,Maria Island,-42.59667,148.23333,2010-03-30T11:40:00Z,2010,3,30,11:40:00,4107,0,742,2521,398474,1186,0
NSI20100322,North Stradbroke,-27.345,153.562,2010-03-23T09:15:00Z,2010,3,23,09:15:00,210343,0,493,5664,343235,13793,0
ESP20100322,Esperance,-33.93333,121.85,2010-03-22T09:40:00Z,2010,3,22,09:40:00,384,0,0,3593,6862521,300,0
PHB20100316,Port Hacking,-34.11923,151.22667,2010-03-17T09:05:00Z,2010,3,17,09:05:00,37287,0,1227,15886,382702,9445,0
KAI20100315,Kangaroo Island,-35.83217,136.44733,2010-03-16T06:00:00Z,2010,3,16,06:00:00,75885,0,833,1572,85572,18697,0
ROT20100315,Rottnest Island,-32,115.41667,2010-03-15T10:00:00Z,2010,3,15,10:00:00,10892,1133,34,11548,190343,986,0
YON20100224,Yongala,-19.30847,147.61842,2010-02-24T10:58:00Z,2010,2,24,10:58:00,3245,0,55,2475,486750,1595,0
NSI20100214,North Stradbroke,-27.345,153.562,2010-02-15T09:30:00Z,2010,2,15,09:30:00,31805,0,4473,2440,248549,3257,0
NSI20100121,North Stradbroke,-27.345,153.562,2010-01-22T09:50:00Z,2010,1,22,09:50:00,3262,0,165,6461,185945,1713,0
MAI20100120,Maria Island,-42.59667,148.23333,2010-01-21T10:50:00Z,2010,1,21,10:50:00,3687,0,968,138,0,13188,0
PHB20100119,Port Hacking,-34.11923,151.22667,2010-01-20T09:20:00Z,2010,1,20,09:20:00,5417,0,0,4470,424033,2374,0
YON20100119,Yongala,-19.30847,147.61842,2010-01-19T10:45:00Z,2010,1,19,10:45:00,487,0,77,4314,348242,3830,0
KAI20100112,Kangaroo Island,-35.83217,136.44733,2010-01-13T07:00:00Z,2010,1,13,07:00:00,36860,0,0,1225,305900,4800,0
ROT20091222,Rottnest Island,-32,115.41667,2009-12-22T10:00:00Z,2009,12,22,10:00:00,69818,154,0,11085,384613,22135,0
ESP20091216,Esperance,-33.93333,121.85,2009-12-16T09:45:00Z,2009,12,16,09:45:00,2372,0,0,18446,339539,5819,0
NSI20091215,North Stradbroke,-27.345,153.562,2009-12-16T09:00:00Z,2009,12,16,09:00:00,4179,0,0,1643,252588,4230,0
KAI20091215,Kangaroo Island,-35.83217,136.44733,2009-12-16T07:15:00Z,2009,12,16,07:15:00,20028,0,3103,1448,315568,16914,0
YON20091215,Yongala,-19.30847,147.61842,2009-12-15T11:25:00Z,2009,12,15,11:25:00,31066,0,0,9587,374756,8540,0
MAI20091207,Maria Island,-42.59667,148.23333,2009-12-07T11:10:00Z,2009,12,7,11:10:00,0,0,0,0,0,0,0
PHB20091206,Port Hacking,-34.11923,151.22667,2009-12-07T09:14:00Z,2009,12,7,09:14:00,2211,0,0,4533,92827,649,0
YON20091123,Yongala,-19.30847,147.61842,2009-11-23T11:45:00Z,2009,11,23,11:45:00,54656,0,860,5436,368080,44699,0
KAI20091115,Kangaroo Island,-35.83217,136.44733,2009-11-16T08:30:00Z,2009,11,16,08:30:00,104861,0,0,8860,764854,10610,0
NSI20091115,North Stradbroke,-27.345,153.562,2009-11-16T08:20:00Z,2009,11,16,08:20:00,49982,0,337,2204,70104,6624,0
MAI20091111,Maria Island,-42.59667,148.23333,2009-11-11T11:30:00Z,2009,11,11,11:30:00,3326,0,443,10629,264643,26933,0
PHB20091110,Port Hacking,-34.11923,151.22667,2009-11-11T09:45:00Z,2009,11,11,09:45:00,121038,0,0,6945,453251,71488,0
NSI20091101,North Stradbroke,-27.345,153.562,2009-11-02T09:02:00Z,2009,11,2,09:02:00,7156,0,23,6178,394685,3849,0
ROT20091026,Rottnest Island,-32,115.41667,2009-10-26T09:53:00Z,2009,10,26,09:53:00,10245,0,0,11985,450303,2515,0
NSI20091021,North Stradbroke,-27.345,153.562,2009-10-22T09:20:00Z,2009,10,22,09:20:00,1652,0,0,5296,346650,2192,0
PHB20091018,Port Hacking,-34.11923,151.22667,2009-10-19T09:55:00Z,2009,10,19,09:55:00,2580,0,0,1287,148060,480,0
NSI20091015,North Stradbroke,-27.345,153.562,2009-10-15T10:10:00Z,2009,10,15,10:10:00,2199,0,117,527,29,10175,0
MAI20091013,Maria Island,-42.59667,148.23333,2009-10-13T11:00:00Z,2009,10,13,11:00:00,13919,0,0,5207,531031,13196,0
PHB20091011,Port Hacking,-34.11923,151.22667,2009-10-12T09:28:00Z,2009,10,12,09:28:00,6252,0,0,4426,394160,1174,0
KAI20091007,Kangaroo Island,-35.83217,136.44733,2009-10-08T06:00:00Z,2009,10,8,06:00:00,34893,0,11,2527,469101,33708,0
NSI20091006,North Stradbroke,-27.345,153.562,2009-10-07T09:07:00Z,2009,10,7,09:07:00,1191,0,0,5417,272045,162,0
PHB20090924,Port Hacking,-34.11923,151.22667,2009-09-25T08:45:00Z,2009,9,25,08:45:00,1826,0,43,8086,299153,1392,0
PHB20090920,Port Hacking,-34.11923,151.22667,2009-09-21T09:17:00Z,2009,9,21,09:17:00,3928,0,485,8404,223608,1535,0
ESP20090917,Esperance,-33.93333,121.85,2009-09-17T09:40:00Z,2009,9,17,09:40:00,492,43,0,1425,45657,646,0
NSI20090916,North Stradbroke,-27.345,153.562,2009-09-17T08:30:00Z,2009,9,17,08:30:00,63375,0,937,1990,339571,8584,0
YON20090909,Yongala,-19.30847,147.61842,2009-09-09T10:40:00Z,2009,9,9,10:40:00,2148,0,42,3248,209938,4366,0
MAI20090907,Maria Island,-42.59667,148.23333,2009-09-07T11:25:00Z,2009,9,7,11:25:00,1101,0,0,3839,235759,823,0
MAI20090820,Maria Island,-42.59667,148.23333,2009-08-20T11:30:00Z,2009,8,20,11:30:00,3299,0,0,14145,318531,4153,0
PHB20090819,Port Hacking,-34.11923,151.22667,2009-08-20T09:19:00Z,2009,8,20,09:19:00,20021,0,40,15034,278960,7633,0
MAI20090716,Maria Island,-42.59667,148.23333,2009-07-16T11:36:00Z,2009,7,16,11:36:00,15645,0,0,3710,483105,11025,0
PHB20090714,Port Hacking,-34.11923,151.22667,2009-07-15T09:15:00Z,2009,7,15,09:15:00,0,0,0,0,0,0,0
PHB20090623,Port Hacking,-34.11923,151.22667,2009-06-24T09:10:00Z,2009,6,24,09:10:00,3271,0,457,2401,388618,1029,0
ESP20090623,Esperance,-33.93333,121.85,2009-06-23T09:20:00Z,2009,6,23,09:20:00,8451,0,0,3026,283798,7025,0
KAI20090601,Kangaroo Island,-35.83217,136.44733,2009-06-02T08:00:00Z,2009,6,2,08:00:00,1418,24,95,8390,333610,1370,0
MAI20090601,Maria Island,-42.59667,148.23333,2009-06-01T11:20:00Z,2009,6,1,11:20:00,2100,0,350,13875,231275,2675,0
PHB20090518,Port Hacking,-34.11923,151.22667,2009-05-19T09:25:00Z,2009,5,19,09:25:00,15273,0,1605,20088,583471,11438,0
ESP20090512,Esperance,-33.93333,121.85,2009-05-12T12:10:00Z,2009,5,12,12:10:00,1049,91,0,8108,390794,48305,0
MAI20090506,Maria Island,-42.59667,148.23333,2009-05-06T11:20:00Z,2009,5,6,11:20:00,11790,0,2083,9460,225457,10875,0
PHB20090422,Port Hacking,-34.11923,151.22667,2009-04-23T09:38:00Z,2009,4,23,09:38:00,96,0,0,15037,209096,19570,0
MAI20090421,Maria Island,-42.59667,148.23333,2009-04-21T11:45:00Z,2009,4,21,11:45:00,28245,0,63,2321,234255,23730,0
PHB20090318,Port Hacking,-34.11923,151.22667,2009-03-19T09:39:00Z,2009,3,19,09:39:00,250,0,90,7450,198025,975,0
PHB20090223,Port Hacking,-34.11923,151.22667,2009-02-24T09:27:00Z,2009,2,24,09:27:00,120450,0,0,3567,371261,27190,0
KAI20090205,Kangaroo Island,-35.83217,136.44733,2009-02-05T14:05:00Z,2009,2,5,14:05:00,361,0,0,6237,167421,1753,0
KAI20090114,Kangaroo Island,-35.83217,136.44733,2009-01-15T08:00:00Z,2009,1,15,08:00:00,230,0,0,5592,581437,438,0
